CREATE TABLE IF NOT EXISTS "auth_group" ("id" integer NOT NULL PRIMARY KEY AUTOINCREMENT, "name" varchar(150) NOT NULL UNIQUE);
INSERT INTO "auth_group" VALUES(1,'PageAdmin');
INSERT INTO "auth_group" VALUES(2,'UserAdmin');
CREATE UNIQUE INDEX "auth_group_permissions_group_id_permission_id_0cd325b0_uniq" ON "auth_group_permissions" ("group_id", "permission_id");
CREATE INDEX IF NOT EXISTS "auth_group_permissions_group_id_b120cbf9" ON "auth_group_permissions" ("group_id");
CREATE INDEX IF NOT EXISTS "auth_group_permissions_permission_id_84c5c92e" ON "auth_group_permissions" ("permission_id");
CREATE UNIQUE INDEX "auth_user_groups_user_id_group_id_94350c0c_uniq" ON "auth_user_groups" ("user_id", "group_id");
CREATE INDEX IF NOT EXISTS "auth_user_groups_user_id_6a12ed8b" ON "auth_user_groups" ("user_id");
CREATE INDEX IF NOT EXISTS "auth_user_groups_group_id_97559544" ON "auth_user_groups" ("group_id");
CREATE UNIQUE INDEX "auth_user_user_permissions_user_id_permission_id_14a6b632_uniq" ON "auth_user_user_permissions" ("user_id", "permission_id");
CREATE INDEX IF NOT EXISTS "auth_user_user_permissions_user_id_a95ead1b" ON "auth_user_user_permissions" ("user_id");
CREATE INDEX IF NOT EXISTS "auth_user_user_permissions_permission_id_1fbb5f2c" ON "auth_user_user_permissions" ("permission_id");
CREATE INDEX IF NOT EXISTS "django_admin_log_content_type_id_c4bce8eb" ON "django_admin_log" ("content_type_id");
CREATE INDEX IF NOT EXISTS "django_admin_log_user_id_c564eba6" ON "django_admin_log" ("user_id");
CREATE UNIQUE INDEX "django_content_type_app_label_model_76bd3d3b_uniq" ON "django_content_type" ("app_label", "model");
CREATE UNIQUE INDEX "auth_permission_content_type_id_codename_01ab375a_uniq" ON "auth_permission" ("content_type_id", "codename");
CREATE INDEX IF NOT EXISTS "auth_permission_content_type_id_2f476e4b" ON "auth_permission" ("content_type_id");
CREATE INDEX IF NOT EXISTS "django_session_expire_date_a5c62663" ON "django_session" ("expire_date");
CREATE INDEX IF NOT EXISTS "messenger_message_user_id_44204cf3" ON "messenger_message" ("user_id");
CREATE UNIQUE INDEX "messenger_thread_messages_thread_id_message_id_bb58b3ca_uniq" ON "messenger_thread_messages" ("thread_id", "message_id");
CREATE INDEX IF NOT EXISTS "messenger_thread_messages_thread_id_a70e3887" ON "messenger_thread_messages" ("thread_id");
CREATE INDEX IF NOT EXISTS "messenger_thread_messages_message_id_e4d4b7af" ON "messenger_thread_messages" ("message_id");
CREATE UNIQUE INDEX "messenger_thread_users_thread_id_user_id_d8023aff_uniq" ON "messenger_thread_users" ("thread_id", "user_id");
CREATE INDEX IF NOT EXISTS "messenger_thread_users_thread_id_8c4fd4f2" ON "messenger_thread_users" ("thread_id");
CREATE INDEX IF NOT EXISTS "messenger_thread_users_user_id_008b18f6" ON "messenger_thread_users" ("user_id");
CREATE UNIQUE INDEX "pages_page_categories_page_id_category_id_d447e277_uniq" ON "pages_page_categories" ("page_id", "category_id");
CREATE INDEX IF NOT EXISTS "pages_page_categories_page_id_969a5738" ON "pages_page_categories" ("page_id");
CREATE INDEX IF NOT EXISTS "pages_page_categories_category_id_8ce9a4bd" ON "pages_page_categories" ("category_id");
CREATE UNIQUE INDEX "registration_profile_categories_profile_id_category_id_9cb0cd57_uniq" ON "registration_profile_categories" ("profile_id", "category_id");
CREATE INDEX IF NOT EXISTS "registration_profile_categories_profile_id_22c51686" ON "registration_profile_categories" ("profile_id");
CREATE INDEX IF NOT EXISTS "registration_profile_categories_category_id_383a9cd3" ON "registration_profile_categories" ("category_id");
CREATE INDEX IF NOT EXISTS "registration_profile_provincia_id_c6712ebe" ON "registration_profile" ("provincia_id");
CREATE UNIQUE INDEX "pages_subscription_pages_subscription_id_page_id_f255c3ff_uniq" ON "pages_subscription_pages" ("subscription_id", "page_id");
CREATE INDEX IF NOT EXISTS "pages_subscription_pages_subscription_id_2c5b6b19" ON "pages_subscription_pages" ("subscription_id");
CREATE INDEX IF NOT EXISTS "pages_subscription_pages_page_id_14b085a2" ON "pages_subscription_pages" ("page_id");
CREATE INDEX IF NOT EXISTS "pages_page_dia_id_254dbe88" ON "pages_page" ("dia_id");
CREATE INDEX IF NOT EXISTS "pages_historial_page_id_55e4e036" ON "pages_historial" ("page_id");
CREATE UNIQUE INDEX "pages_historial_anotados_historial_id_user_id_37a6c63e_uniq" ON "pages_historial_anotados" ("historial_id", "user_id");
CREATE INDEX IF NOT EXISTS "pages_historial_anotados_historial_id_98960092" ON "pages_historial_anotados" ("historial_id");
CREATE INDEX IF NOT EXISTS "pages_historial_anotados_user_id_d557c3cf" ON "pages_historial_anotados" ("user_id");
CREATE UNIQUE INDEX "pages_historial_asistencias_historial_id_user_id_c0f61da1_uniq" ON "pages_historial_asistencias" ("historial_id", "user_id");
CREATE INDEX IF NOT EXISTS "pages_historial_asistencias_historial_id_029f2653" ON "pages_historial_asistencias" ("historial_id");
CREATE INDEX IF NOT EXISTS "pages_historial_asistencias_user_id_d807424c" ON "pages_historial_asistencias" ("user_id");
CREATE TABLE IF NOT EXISTS "auth_group_permissions" ("id" integer NOT NULL PRIMARY KEY AUTOINCREMENT, "group_id" integer NOT NULL REFERENCES "auth_group" ("id") DEFERRABLE INITIALLY DEFERRED, "permission_id" integer NOT NULL REFERENCES "auth_permission" ("id") DEFERRABLE INITIALLY DEFERRED);
INSERT INTO "auth_group_permissions" VALUES(1,1,45);
INSERT INTO "auth_group_permissions" VALUES(2,1,46);
INSERT INTO "auth_group_permissions" VALUES(3,1,47);
INSERT INTO "auth_group_permissions" VALUES(4,1,16);
INSERT INTO "auth_group_permissions" VALUES(5,1,48);
INSERT INTO "auth_group_permissions" VALUES(6,1,25);
INSERT INTO "auth_group_permissions" VALUES(7,1,26);
INSERT INTO "auth_group_permissions" VALUES(8,1,27);
INSERT INTO "auth_group_permissions" VALUES(9,1,28);
INSERT INTO "auth_group_permissions" VALUES(10,2,32);
INSERT INTO "auth_group_permissions" VALUES(11,2,13);
INSERT INTO "auth_group_permissions" VALUES(12,2,14);
INSERT INTO "auth_group_permissions" VALUES(13,2,15);
INSERT INTO "auth_group_permissions" VALUES(14,2,16);
INSERT INTO "auth_group_permissions" VALUES(15,2,29);
INSERT INTO "auth_group_permissions" VALUES(16,2,30);
INSERT INTO "auth_group_permissions" VALUES(17,2,31);
CREATE UNIQUE INDEX "auth_group_permissions_group_id_permission_id_0cd325b0_uniq" ON "auth_group_permissions" ("group_id", "permission_id");
CREATE INDEX IF NOT EXISTS "auth_group_permissions_group_id_b120cbf9" ON "auth_group_permissions" ("group_id");
CREATE INDEX IF NOT EXISTS "auth_group_permissions_permission_id_84c5c92e" ON "auth_group_permissions" ("permission_id");
CREATE UNIQUE INDEX "auth_user_groups_user_id_group_id_94350c0c_uniq" ON "auth_user_groups" ("user_id", "group_id");
CREATE INDEX IF NOT EXISTS "auth_user_groups_user_id_6a12ed8b" ON "auth_user_groups" ("user_id");
CREATE INDEX IF NOT EXISTS "auth_user_groups_group_id_97559544" ON "auth_user_groups" ("group_id");
CREATE UNIQUE INDEX "auth_user_user_permissions_user_id_permission_id_14a6b632_uniq" ON "auth_user_user_permissions" ("user_id", "permission_id");
CREATE INDEX IF NOT EXISTS "auth_user_user_permissions_user_id_a95ead1b" ON "auth_user_user_permissions" ("user_id");
CREATE INDEX IF NOT EXISTS "auth_user_user_permissions_permission_id_1fbb5f2c" ON "auth_user_user_permissions" ("permission_id");
CREATE INDEX IF NOT EXISTS "django_admin_log_content_type_id_c4bce8eb" ON "django_admin_log" ("content_type_id");
CREATE INDEX IF NOT EXISTS "django_admin_log_user_id_c564eba6" ON "django_admin_log" ("user_id");
CREATE UNIQUE INDEX "django_content_type_app_label_model_76bd3d3b_uniq" ON "django_content_type" ("app_label", "model");
CREATE UNIQUE INDEX "auth_permission_content_type_id_codename_01ab375a_uniq" ON "auth_permission" ("content_type_id", "codename");
CREATE INDEX IF NOT EXISTS "auth_permission_content_type_id_2f476e4b" ON "auth_permission" ("content_type_id");
CREATE INDEX IF NOT EXISTS "django_session_expire_date_a5c62663" ON "django_session" ("expire_date");
CREATE INDEX IF NOT EXISTS "messenger_message_user_id_44204cf3" ON "messenger_message" ("user_id");
CREATE UNIQUE INDEX "messenger_thread_messages_thread_id_message_id_bb58b3ca_uniq" ON "messenger_thread_messages" ("thread_id", "message_id");
CREATE INDEX IF NOT EXISTS "messenger_thread_messages_thread_id_a70e3887" ON "messenger_thread_messages" ("thread_id");
CREATE INDEX IF NOT EXISTS "messenger_thread_messages_message_id_e4d4b7af" ON "messenger_thread_messages" ("message_id");
CREATE UNIQUE INDEX "messenger_thread_users_thread_id_user_id_d8023aff_uniq" ON "messenger_thread_users" ("thread_id", "user_id");
CREATE INDEX IF NOT EXISTS "messenger_thread_users_thread_id_8c4fd4f2" ON "messenger_thread_users" ("thread_id");
CREATE INDEX IF NOT EXISTS "messenger_thread_users_user_id_008b18f6" ON "messenger_thread_users" ("user_id");
CREATE UNIQUE INDEX "pages_page_categories_page_id_category_id_d447e277_uniq" ON "pages_page_categories" ("page_id", "category_id");
CREATE INDEX IF NOT EXISTS "pages_page_categories_page_id_969a5738" ON "pages_page_categories" ("page_id");
CREATE INDEX IF NOT EXISTS "pages_page_categories_category_id_8ce9a4bd" ON "pages_page_categories" ("category_id");
CREATE UNIQUE INDEX "registration_profile_categories_profile_id_category_id_9cb0cd57_uniq" ON "registration_profile_categories" ("profile_id", "category_id");
CREATE INDEX IF NOT EXISTS "registration_profile_categories_profile_id_22c51686" ON "registration_profile_categories" ("profile_id");
CREATE INDEX IF NOT EXISTS "registration_profile_categories_category_id_383a9cd3" ON "registration_profile_categories" ("category_id");
CREATE INDEX IF NOT EXISTS "registration_profile_provincia_id_c6712ebe" ON "registration_profile" ("provincia_id");
CREATE UNIQUE INDEX "pages_subscription_pages_subscription_id_page_id_f255c3ff_uniq" ON "pages_subscription_pages" ("subscription_id", "page_id");
CREATE INDEX IF NOT EXISTS "pages_subscription_pages_subscription_id_2c5b6b19" ON "pages_subscription_pages" ("subscription_id");
CREATE INDEX IF NOT EXISTS "pages_subscription_pages_page_id_14b085a2" ON "pages_subscription_pages" ("page_id");
CREATE INDEX IF NOT EXISTS "pages_page_dia_id_254dbe88" ON "pages_page" ("dia_id");
CREATE INDEX IF NOT EXISTS "pages_historial_page_id_55e4e036" ON "pages_historial" ("page_id");
CREATE UNIQUE INDEX "pages_historial_anotados_historial_id_user_id_37a6c63e_uniq" ON "pages_historial_anotados" ("historial_id", "user_id");
CREATE INDEX IF NOT EXISTS "pages_historial_anotados_historial_id_98960092" ON "pages_historial_anotados" ("historial_id");
CREATE INDEX IF NOT EXISTS "pages_historial_anotados_user_id_d557c3cf" ON "pages_historial_anotados" ("user_id");
CREATE UNIQUE INDEX "pages_historial_asistencias_historial_id_user_id_c0f61da1_uniq" ON "pages_historial_asistencias" ("historial_id", "user_id");
CREATE INDEX IF NOT EXISTS "pages_historial_asistencias_historial_id_029f2653" ON "pages_historial_asistencias" ("historial_id");
CREATE INDEX IF NOT EXISTS "pages_historial_asistencias_user_id_d807424c" ON "pages_historial_asistencias" ("user_id");
CREATE TABLE IF NOT EXISTS "auth_permission" ("id" integer NOT NULL PRIMARY KEY AUTOINCREMENT, "content_type_id" integer NOT NULL REFERENCES "django_content_type" ("id") DEFERRABLE INITIALLY DEFERRED, "codename" varchar(100) NOT NULL, "name" varchar(255) NOT NULL);
INSERT INTO "auth_permission" VALUES(1,1,'add_logentry','Can add log entry');
INSERT INTO "auth_permission" VALUES(2,1,'change_logentry','Can change log entry');
INSERT INTO "auth_permission" VALUES(3,1,'delete_logentry','Can delete log entry');
INSERT INTO "auth_permission" VALUES(4,1,'view_logentry','Can view log entry');
INSERT INTO "auth_permission" VALUES(5,2,'add_permission','Can add permission');
INSERT INTO "auth_permission" VALUES(6,2,'change_permission','Can change permission');
INSERT INTO "auth_permission" VALUES(7,2,'delete_permission','Can delete permission');
INSERT INTO "auth_permission" VALUES(8,2,'view_permission','Can view permission');
INSERT INTO "auth_permission" VALUES(9,3,'add_group','Can add group');
INSERT INTO "auth_permission" VALUES(10,3,'change_group','Can change group');
INSERT INTO "auth_permission" VALUES(11,3,'delete_group','Can delete group');
INSERT INTO "auth_permission" VALUES(12,3,'view_group','Can view group');
INSERT INTO "auth_permission" VALUES(13,4,'add_user','Can add user');
INSERT INTO "auth_permission" VALUES(14,4,'change_user','Can change user');
INSERT INTO "auth_permission" VALUES(15,4,'delete_user','Can delete user');
INSERT INTO "auth_permission" VALUES(16,4,'view_user','Can view user');
INSERT INTO "auth_permission" VALUES(17,5,'add_contenttype','Can add content type');
INSERT INTO "auth_permission" VALUES(18,5,'change_contenttype','Can change content type');
INSERT INTO "auth_permission" VALUES(19,5,'delete_contenttype','Can delete content type');
INSERT INTO "auth_permission" VALUES(20,5,'view_contenttype','Can view content type');
INSERT INTO "auth_permission" VALUES(21,6,'add_session','Can add session');
INSERT INTO "auth_permission" VALUES(22,6,'change_session','Can change session');
INSERT INTO "auth_permission" VALUES(23,6,'delete_session','Can delete session');
INSERT INTO "auth_permission" VALUES(24,6,'view_session','Can view session');
INSERT INTO "auth_permission" VALUES(25,7,'add_page','Can add página');
INSERT INTO "auth_permission" VALUES(26,7,'change_page','Can change página');
INSERT INTO "auth_permission" VALUES(27,7,'delete_page','Can delete página');
INSERT INTO "auth_permission" VALUES(28,7,'view_page','Can view página');
INSERT INTO "auth_permission" VALUES(29,8,'add_profile','Can add profile');
INSERT INTO "auth_permission" VALUES(30,8,'change_profile','Can change profile');
INSERT INTO "auth_permission" VALUES(31,8,'delete_profile','Can delete profile');
INSERT INTO "auth_permission" VALUES(32,8,'view_profile','Can view profile');
INSERT INTO "auth_permission" VALUES(33,9,'add_thread','Can add thread');
INSERT INTO "auth_permission" VALUES(34,9,'change_thread','Can change thread');
INSERT INTO "auth_permission" VALUES(35,9,'delete_thread','Can delete thread');
INSERT INTO "auth_permission" VALUES(36,9,'view_thread','Can view thread');
INSERT INTO "auth_permission" VALUES(37,10,'add_message','Can add message');
INSERT INTO "auth_permission" VALUES(38,10,'change_message','Can change message');
INSERT INTO "auth_permission" VALUES(39,10,'delete_message','Can delete message');
INSERT INTO "auth_permission" VALUES(40,10,'view_message','Can view message');
INSERT INTO "auth_permission" VALUES(41,11,'add_pageslog','Can add pages log');
INSERT INTO "auth_permission" VALUES(42,11,'change_pageslog','Can change pages log');
INSERT INTO "auth_permission" VALUES(43,11,'delete_pageslog','Can delete pages log');
INSERT INTO "auth_permission" VALUES(44,11,'view_pageslog','Can view pages log');
INSERT INTO "auth_permission" VALUES(45,12,'add_subscription','Can add subscription');
INSERT INTO "auth_permission" VALUES(46,12,'change_subscription','Can change subscription');
INSERT INTO "auth_permission" VALUES(47,12,'delete_subscription','Can delete subscription');
INSERT INTO "auth_permission" VALUES(48,12,'view_subscription','Can view subscription');
INSERT INTO "auth_permission" VALUES(49,13,'add_link','Can add enlace');
INSERT INTO "auth_permission" VALUES(50,13,'change_link','Can change enlace');
INSERT INTO "auth_permission" VALUES(51,13,'delete_link','Can delete enlace');
INSERT INTO "auth_permission" VALUES(52,13,'view_link','Can view enlace');
INSERT INTO "auth_permission" VALUES(53,14,'add_day','Can add Día');
INSERT INTO "auth_permission" VALUES(54,14,'change_day','Can change Día');
INSERT INTO "auth_permission" VALUES(55,14,'delete_day','Can delete Día');
INSERT INTO "auth_permission" VALUES(56,14,'view_day','Can view Día');
INSERT INTO "auth_permission" VALUES(57,15,'add_category','Can add categoria');
INSERT INTO "auth_permission" VALUES(58,15,'change_category','Can change categoria');
INSERT INTO "auth_permission" VALUES(59,15,'delete_category','Can delete categoria');
INSERT INTO "auth_permission" VALUES(60,15,'view_category','Can view categoria');
INSERT INTO "auth_permission" VALUES(61,16,'add_provincia','Can add Provincia');
INSERT INTO "auth_permission" VALUES(62,16,'change_provincia','Can change Provincia');
INSERT INTO "auth_permission" VALUES(63,16,'delete_provincia','Can delete Provincia');
INSERT INTO "auth_permission" VALUES(64,16,'view_provincia','Can view Provincia');
INSERT INTO "auth_permission" VALUES(65,17,'add_historial','Can add historial');
INSERT INTO "auth_permission" VALUES(66,17,'change_historial','Can change historial');
INSERT INTO "auth_permission" VALUES(67,17,'delete_historial','Can delete historial');
INSERT INTO "auth_permission" VALUES(68,17,'view_historial','Can view historial');
INSERT INTO "auth_permission" VALUES(69,18,'add_record','Can add record');
INSERT INTO "auth_permission" VALUES(70,18,'change_record','Can change record');
INSERT INTO "auth_permission" VALUES(71,18,'delete_record','Can delete record');
INSERT INTO "auth_permission" VALUES(72,18,'view_record','Can view record');
CREATE UNIQUE INDEX "auth_group_permissions_group_id_permission_id_0cd325b0_uniq" ON "auth_group_permissions" ("group_id", "permission_id");
CREATE INDEX IF NOT EXISTS "auth_group_permissions_group_id_b120cbf9" ON "auth_group_permissions" ("group_id");
CREATE INDEX IF NOT EXISTS "auth_group_permissions_permission_id_84c5c92e" ON "auth_group_permissions" ("permission_id");
CREATE UNIQUE INDEX "auth_user_groups_user_id_group_id_94350c0c_uniq" ON "auth_user_groups" ("user_id", "group_id");
CREATE INDEX IF NOT EXISTS "auth_user_groups_user_id_6a12ed8b" ON "auth_user_groups" ("user_id");
CREATE INDEX IF NOT EXISTS "auth_user_groups_group_id_97559544" ON "auth_user_groups" ("group_id");
CREATE UNIQUE INDEX "auth_user_user_permissions_user_id_permission_id_14a6b632_uniq" ON "auth_user_user_permissions" ("user_id", "permission_id");
CREATE INDEX IF NOT EXISTS "auth_user_user_permissions_user_id_a95ead1b" ON "auth_user_user_permissions" ("user_id");
CREATE INDEX IF NOT EXISTS "auth_user_user_permissions_permission_id_1fbb5f2c" ON "auth_user_user_permissions" ("permission_id");
CREATE INDEX IF NOT EXISTS "django_admin_log_content_type_id_c4bce8eb" ON "django_admin_log" ("content_type_id");
CREATE INDEX IF NOT EXISTS "django_admin_log_user_id_c564eba6" ON "django_admin_log" ("user_id");
CREATE UNIQUE INDEX "django_content_type_app_label_model_76bd3d3b_uniq" ON "django_content_type" ("app_label", "model");
CREATE UNIQUE INDEX "auth_permission_content_type_id_codename_01ab375a_uniq" ON "auth_permission" ("content_type_id", "codename");
CREATE INDEX IF NOT EXISTS "auth_permission_content_type_id_2f476e4b" ON "auth_permission" ("content_type_id");
CREATE INDEX IF NOT EXISTS "django_session_expire_date_a5c62663" ON "django_session" ("expire_date");
CREATE INDEX IF NOT EXISTS "messenger_message_user_id_44204cf3" ON "messenger_message" ("user_id");
CREATE UNIQUE INDEX "messenger_thread_messages_thread_id_message_id_bb58b3ca_uniq" ON "messenger_thread_messages" ("thread_id", "message_id");
CREATE INDEX IF NOT EXISTS "messenger_thread_messages_thread_id_a70e3887" ON "messenger_thread_messages" ("thread_id");
CREATE INDEX IF NOT EXISTS "messenger_thread_messages_message_id_e4d4b7af" ON "messenger_thread_messages" ("message_id");
CREATE UNIQUE INDEX "messenger_thread_users_thread_id_user_id_d8023aff_uniq" ON "messenger_thread_users" ("thread_id", "user_id");
CREATE INDEX IF NOT EXISTS "messenger_thread_users_thread_id_8c4fd4f2" ON "messenger_thread_users" ("thread_id");
CREATE INDEX IF NOT EXISTS "messenger_thread_users_user_id_008b18f6" ON "messenger_thread_users" ("user_id");
CREATE UNIQUE INDEX "pages_page_categories_page_id_category_id_d447e277_uniq" ON "pages_page_categories" ("page_id", "category_id");
CREATE INDEX IF NOT EXISTS "pages_page_categories_page_id_969a5738" ON "pages_page_categories" ("page_id");
CREATE INDEX IF NOT EXISTS "pages_page_categories_category_id_8ce9a4bd" ON "pages_page_categories" ("category_id");
CREATE UNIQUE INDEX "registration_profile_categories_profile_id_category_id_9cb0cd57_uniq" ON "registration_profile_categories" ("profile_id", "category_id");
CREATE INDEX IF NOT EXISTS "registration_profile_categories_profile_id_22c51686" ON "registration_profile_categories" ("profile_id");
CREATE INDEX IF NOT EXISTS "registration_profile_categories_category_id_383a9cd3" ON "registration_profile_categories" ("category_id");
CREATE INDEX IF NOT EXISTS "registration_profile_provincia_id_c6712ebe" ON "registration_profile" ("provincia_id");
CREATE UNIQUE INDEX "pages_subscription_pages_subscription_id_page_id_f255c3ff_uniq" ON "pages_subscription_pages" ("subscription_id", "page_id");
CREATE INDEX IF NOT EXISTS "pages_subscription_pages_subscription_id_2c5b6b19" ON "pages_subscription_pages" ("subscription_id");
CREATE INDEX IF NOT EXISTS "pages_subscription_pages_page_id_14b085a2" ON "pages_subscription_pages" ("page_id");
CREATE INDEX IF NOT EXISTS "pages_page_dia_id_254dbe88" ON "pages_page" ("dia_id");
CREATE INDEX IF NOT EXISTS "pages_historial_page_id_55e4e036" ON "pages_historial" ("page_id");
CREATE UNIQUE INDEX "pages_historial_anotados_historial_id_user_id_37a6c63e_uniq" ON "pages_historial_anotados" ("historial_id", "user_id");
CREATE INDEX IF NOT EXISTS "pages_historial_anotados_historial_id_98960092" ON "pages_historial_anotados" ("historial_id");
CREATE INDEX IF NOT EXISTS "pages_historial_anotados_user_id_d557c3cf" ON "pages_historial_anotados" ("user_id");
CREATE UNIQUE INDEX "pages_historial_asistencias_historial_id_user_id_c0f61da1_uniq" ON "pages_historial_asistencias" ("historial_id", "user_id");
CREATE INDEX IF NOT EXISTS "pages_historial_asistencias_historial_id_029f2653" ON "pages_historial_asistencias" ("historial_id");
CREATE INDEX IF NOT EXISTS "pages_historial_asistencias_user_id_d807424c" ON "pages_historial_asistencias" ("user_id");
CREATE TABLE IF NOT EXISTS "auth_user" ("id" integer NOT NULL PRIMARY KEY AUTOINCREMENT, "password" varchar(128) NOT NULL, "last_login" datetime NULL, "is_superuser" bool NOT NULL, "username" varchar(150) NOT NULL UNIQUE, "last_name" varchar(150) NOT NULL, "email" varchar(254) NOT NULL, "is_staff" bool NOT NULL, "is_active" bool NOT NULL, "date_joined" datetime NOT NULL, "first_name" varchar(150) NOT NULL);
INSERT INTO "auth_user" VALUES(1,'pbkdf2_sha256$216000$omqGsSeNRcA4$u2EFfYE9ruhSrEDPDHrC+47PqdOUEFBmP/jPjTY0GIU=','2021-07-04 23:03:41.026962',1,'Tom','','tomapkiewicz@gmail.com',1,1,'2021-04-04 19:36:26','');
INSERT INTO "auth_user" VALUES(14,'pbkdf2_sha256$216000$sPZG1iazGNdt$AabUblKSzTgPkFkEV7VWJVh0r9hCBjK8qlU22ImR5Bk=','2021-06-26 05:15:18.136426',0,'Ian','','ian@gmail.com',1,1,'2021-06-19 19:04:02','');
INSERT INTO "auth_user" VALUES(16,'pbkdf2_sha256$216000$6xuPkG9Wipnd$PmbPK3k/G48ZPRxXNuz6zQqU6Ky8KVIacR/GRg16+DE=','2021-07-04 20:21:06.264059',0,'prueba','','unmail2@gmail.com',0,1,'2021-06-24 22:46:36','');
INSERT INTO "auth_user" VALUES(17,'pbkdf2_sha256$216000$5vajx0sxTjSR$QfOs4pcAhx0WNBGqAQfGpGjWeTZbl84mBHixzTbSOPk=','2021-06-25 22:52:13.234718',0,'prueba2','','prueba2@gmail.com',0,1,'2021-06-25 22:39:43.649001','');
INSERT INTO "auth_user" VALUES(18,'pbkdf2_sha256$216000$soFcKFOfjhJv$uj2IcRCwzZ+PgWHbpEwAbqusPe4mZLUkFwp4HIJpO2A=',NULL,0,'prueba3','','',0,1,'2021-06-28 02:09:40.758306','');
INSERT INTO "auth_user" VALUES(19,'pbkdf2_sha256$216000$yQIkwvwASyue$9nPuBPBAA/hhcf7nq3VibFVkt7lAu+0BGR11bLbc9pI=',NULL,0,'prueba5','','',0,1,'2021-06-28 02:09:55.614180','');
INSERT INTO "auth_user" VALUES(20,'pbkdf2_sha256$216000$zrWqagnuTeDw$+61CDUavtZsCT3mNB3S4H+Ii2+nFUuwJhmWNmbOMuUA=','2021-06-29 19:46:04.252050',0,'prueba10','','prueba@gmail.com',0,1,'2021-06-29 19:44:18.148046','');
CREATE UNIQUE INDEX "auth_group_permissions_group_id_permission_id_0cd325b0_uniq" ON "auth_group_permissions" ("group_id", "permission_id");
CREATE INDEX IF NOT EXISTS "auth_group_permissions_group_id_b120cbf9" ON "auth_group_permissions" ("group_id");
CREATE INDEX IF NOT EXISTS "auth_group_permissions_permission_id_84c5c92e" ON "auth_group_permissions" ("permission_id");
CREATE UNIQUE INDEX "auth_user_groups_user_id_group_id_94350c0c_uniq" ON "auth_user_groups" ("user_id", "group_id");
CREATE INDEX IF NOT EXISTS "auth_user_groups_user_id_6a12ed8b" ON "auth_user_groups" ("user_id");
CREATE INDEX IF NOT EXISTS "auth_user_groups_group_id_97559544" ON "auth_user_groups" ("group_id");
CREATE UNIQUE INDEX "auth_user_user_permissions_user_id_permission_id_14a6b632_uniq" ON "auth_user_user_permissions" ("user_id", "permission_id");
CREATE INDEX IF NOT EXISTS "auth_user_user_permissions_user_id_a95ead1b" ON "auth_user_user_permissions" ("user_id");
CREATE INDEX IF NOT EXISTS "auth_user_user_permissions_permission_id_1fbb5f2c" ON "auth_user_user_permissions" ("permission_id");
CREATE INDEX IF NOT EXISTS "django_admin_log_content_type_id_c4bce8eb" ON "django_admin_log" ("content_type_id");
CREATE INDEX IF NOT EXISTS "django_admin_log_user_id_c564eba6" ON "django_admin_log" ("user_id");
CREATE UNIQUE INDEX "django_content_type_app_label_model_76bd3d3b_uniq" ON "django_content_type" ("app_label", "model");
CREATE UNIQUE INDEX "auth_permission_content_type_id_codename_01ab375a_uniq" ON "auth_permission" ("content_type_id", "codename");
CREATE INDEX IF NOT EXISTS "auth_permission_content_type_id_2f476e4b" ON "auth_permission" ("content_type_id");
CREATE INDEX IF NOT EXISTS "django_session_expire_date_a5c62663" ON "django_session" ("expire_date");
CREATE INDEX IF NOT EXISTS "messenger_message_user_id_44204cf3" ON "messenger_message" ("user_id");
CREATE UNIQUE INDEX "messenger_thread_messages_thread_id_message_id_bb58b3ca_uniq" ON "messenger_thread_messages" ("thread_id", "message_id");
CREATE INDEX IF NOT EXISTS "messenger_thread_messages_thread_id_a70e3887" ON "messenger_thread_messages" ("thread_id");
CREATE INDEX IF NOT EXISTS "messenger_thread_messages_message_id_e4d4b7af" ON "messenger_thread_messages" ("message_id");
CREATE UNIQUE INDEX "messenger_thread_users_thread_id_user_id_d8023aff_uniq" ON "messenger_thread_users" ("thread_id", "user_id");
CREATE INDEX IF NOT EXISTS "messenger_thread_users_thread_id_8c4fd4f2" ON "messenger_thread_users" ("thread_id");
CREATE INDEX IF NOT EXISTS "messenger_thread_users_user_id_008b18f6" ON "messenger_thread_users" ("user_id");
CREATE UNIQUE INDEX "pages_page_categories_page_id_category_id_d447e277_uniq" ON "pages_page_categories" ("page_id", "category_id");
CREATE INDEX IF NOT EXISTS "pages_page_categories_page_id_969a5738" ON "pages_page_categories" ("page_id");
CREATE INDEX IF NOT EXISTS "pages_page_categories_category_id_8ce9a4bd" ON "pages_page_categories" ("category_id");
CREATE UNIQUE INDEX "registration_profile_categories_profile_id_category_id_9cb0cd57_uniq" ON "registration_profile_categories" ("profile_id", "category_id");
CREATE INDEX IF NOT EXISTS "registration_profile_categories_profile_id_22c51686" ON "registration_profile_categories" ("profile_id");
CREATE INDEX IF NOT EXISTS "registration_profile_categories_category_id_383a9cd3" ON "registration_profile_categories" ("category_id");
CREATE INDEX IF NOT EXISTS "registration_profile_provincia_id_c6712ebe" ON "registration_profile" ("provincia_id");
CREATE UNIQUE INDEX "pages_subscription_pages_subscription_id_page_id_f255c3ff_uniq" ON "pages_subscription_pages" ("subscription_id", "page_id");
CREATE INDEX IF NOT EXISTS "pages_subscription_pages_subscription_id_2c5b6b19" ON "pages_subscription_pages" ("subscription_id");
CREATE INDEX IF NOT EXISTS "pages_subscription_pages_page_id_14b085a2" ON "pages_subscription_pages" ("page_id");
CREATE INDEX IF NOT EXISTS "pages_page_dia_id_254dbe88" ON "pages_page" ("dia_id");
CREATE INDEX IF NOT EXISTS "pages_historial_page_id_55e4e036" ON "pages_historial" ("page_id");
CREATE UNIQUE INDEX "pages_historial_anotados_historial_id_user_id_37a6c63e_uniq" ON "pages_historial_anotados" ("historial_id", "user_id");
CREATE INDEX IF NOT EXISTS "pages_historial_anotados_historial_id_98960092" ON "pages_historial_anotados" ("historial_id");
CREATE INDEX IF NOT EXISTS "pages_historial_anotados_user_id_d557c3cf" ON "pages_historial_anotados" ("user_id");
CREATE UNIQUE INDEX "pages_historial_asistencias_historial_id_user_id_c0f61da1_uniq" ON "pages_historial_asistencias" ("historial_id", "user_id");
CREATE INDEX IF NOT EXISTS "pages_historial_asistencias_historial_id_029f2653" ON "pages_historial_asistencias" ("historial_id");
CREATE INDEX IF NOT EXISTS "pages_historial_asistencias_user_id_d807424c" ON "pages_historial_asistencias" ("user_id");
CREATE TABLE IF NOT EXISTS "auth_user_groups" ("id" integer NOT NULL PRIMARY KEY AUTOINCREMENT, "user_id" integer NOT NULL REFERENCES "auth_user" ("id") DEFERRABLE INITIALLY DEFERRED, "group_id" integer NOT NULL REFERENCES "auth_group" ("id") DEFERRABLE INITIALLY DEFERRED);
INSERT INTO "auth_user_groups" VALUES(1,14,1);
INSERT INTO "auth_user_groups" VALUES(2,14,2);
CREATE UNIQUE INDEX "auth_group_permissions_group_id_permission_id_0cd325b0_uniq" ON "auth_group_permissions" ("group_id", "permission_id");
CREATE INDEX IF NOT EXISTS "auth_group_permissions_group_id_b120cbf9" ON "auth_group_permissions" ("group_id");
CREATE INDEX IF NOT EXISTS "auth_group_permissions_permission_id_84c5c92e" ON "auth_group_permissions" ("permission_id");
CREATE UNIQUE INDEX "auth_user_groups_user_id_group_id_94350c0c_uniq" ON "auth_user_groups" ("user_id", "group_id");
CREATE INDEX IF NOT EXISTS "auth_user_groups_user_id_6a12ed8b" ON "auth_user_groups" ("user_id");
CREATE INDEX IF NOT EXISTS "auth_user_groups_group_id_97559544" ON "auth_user_groups" ("group_id");
CREATE UNIQUE INDEX "auth_user_user_permissions_user_id_permission_id_14a6b632_uniq" ON "auth_user_user_permissions" ("user_id", "permission_id");
CREATE INDEX IF NOT EXISTS "auth_user_user_permissions_user_id_a95ead1b" ON "auth_user_user_permissions" ("user_id");
CREATE INDEX IF NOT EXISTS "auth_user_user_permissions_permission_id_1fbb5f2c" ON "auth_user_user_permissions" ("permission_id");
CREATE INDEX IF NOT EXISTS "django_admin_log_content_type_id_c4bce8eb" ON "django_admin_log" ("content_type_id");
CREATE INDEX IF NOT EXISTS "django_admin_log_user_id_c564eba6" ON "django_admin_log" ("user_id");
CREATE UNIQUE INDEX "django_content_type_app_label_model_76bd3d3b_uniq" ON "django_content_type" ("app_label", "model");
CREATE UNIQUE INDEX "auth_permission_content_type_id_codename_01ab375a_uniq" ON "auth_permission" ("content_type_id", "codename");
CREATE INDEX IF NOT EXISTS "auth_permission_content_type_id_2f476e4b" ON "auth_permission" ("content_type_id");
CREATE INDEX IF NOT EXISTS "django_session_expire_date_a5c62663" ON "django_session" ("expire_date");
CREATE INDEX IF NOT EXISTS "messenger_message_user_id_44204cf3" ON "messenger_message" ("user_id");
CREATE UNIQUE INDEX "messenger_thread_messages_thread_id_message_id_bb58b3ca_uniq" ON "messenger_thread_messages" ("thread_id", "message_id");
CREATE INDEX IF NOT EXISTS "messenger_thread_messages_thread_id_a70e3887" ON "messenger_thread_messages" ("thread_id");
CREATE INDEX IF NOT EXISTS "messenger_thread_messages_message_id_e4d4b7af" ON "messenger_thread_messages" ("message_id");
CREATE UNIQUE INDEX "messenger_thread_users_thread_id_user_id_d8023aff_uniq" ON "messenger_thread_users" ("thread_id", "user_id");
CREATE INDEX IF NOT EXISTS "messenger_thread_users_thread_id_8c4fd4f2" ON "messenger_thread_users" ("thread_id");
CREATE INDEX IF NOT EXISTS "messenger_thread_users_user_id_008b18f6" ON "messenger_thread_users" ("user_id");
CREATE UNIQUE INDEX "pages_page_categories_page_id_category_id_d447e277_uniq" ON "pages_page_categories" ("page_id", "category_id");
CREATE INDEX IF NOT EXISTS "pages_page_categories_page_id_969a5738" ON "pages_page_categories" ("page_id");
CREATE INDEX IF NOT EXISTS "pages_page_categories_category_id_8ce9a4bd" ON "pages_page_categories" ("category_id");
CREATE UNIQUE INDEX "registration_profile_categories_profile_id_category_id_9cb0cd57_uniq" ON "registration_profile_categories" ("profile_id", "category_id");
CREATE INDEX IF NOT EXISTS "registration_profile_categories_profile_id_22c51686" ON "registration_profile_categories" ("profile_id");
CREATE INDEX IF NOT EXISTS "registration_profile_categories_category_id_383a9cd3" ON "registration_profile_categories" ("category_id");
CREATE INDEX IF NOT EXISTS "registration_profile_provincia_id_c6712ebe" ON "registration_profile" ("provincia_id");
CREATE UNIQUE INDEX "pages_subscription_pages_subscription_id_page_id_f255c3ff_uniq" ON "pages_subscription_pages" ("subscription_id", "page_id");
CREATE INDEX IF NOT EXISTS "pages_subscription_pages_subscription_id_2c5b6b19" ON "pages_subscription_pages" ("subscription_id");
CREATE INDEX IF NOT EXISTS "pages_subscription_pages_page_id_14b085a2" ON "pages_subscription_pages" ("page_id");
CREATE INDEX IF NOT EXISTS "pages_page_dia_id_254dbe88" ON "pages_page" ("dia_id");
CREATE INDEX IF NOT EXISTS "pages_historial_page_id_55e4e036" ON "pages_historial" ("page_id");
CREATE UNIQUE INDEX "pages_historial_anotados_historial_id_user_id_37a6c63e_uniq" ON "pages_historial_anotados" ("historial_id", "user_id");
CREATE INDEX IF NOT EXISTS "pages_historial_anotados_historial_id_98960092" ON "pages_historial_anotados" ("historial_id");
CREATE INDEX IF NOT EXISTS "pages_historial_anotados_user_id_d557c3cf" ON "pages_historial_anotados" ("user_id");
CREATE UNIQUE INDEX "pages_historial_asistencias_historial_id_user_id_c0f61da1_uniq" ON "pages_historial_asistencias" ("historial_id", "user_id");
CREATE INDEX IF NOT EXISTS "pages_historial_asistencias_historial_id_029f2653" ON "pages_historial_asistencias" ("historial_id");
CREATE INDEX IF NOT EXISTS "pages_historial_asistencias_user_id_d807424c" ON "pages_historial_asistencias" ("user_id");
CREATE TABLE IF NOT EXISTS "auth_user_user_permissions" ("id" integer NOT NULL PRIMARY KEY AUTOINCREMENT, "user_id" integer NOT NULL REFERENCES "auth_user" ("id") DEFERRABLE INITIALLY DEFERRED, "permission_id" integer NOT NULL REFERENCES "auth_permission" ("id") DEFERRABLE INITIALLY DEFERRED);
CREATE UNIQUE INDEX "auth_group_permissions_group_id_permission_id_0cd325b0_uniq" ON "auth_group_permissions" ("group_id", "permission_id");
CREATE INDEX IF NOT EXISTS "auth_group_permissions_group_id_b120cbf9" ON "auth_group_permissions" ("group_id");
CREATE INDEX IF NOT EXISTS "auth_group_permissions_permission_id_84c5c92e" ON "auth_group_permissions" ("permission_id");
CREATE UNIQUE INDEX "auth_user_groups_user_id_group_id_94350c0c_uniq" ON "auth_user_groups" ("user_id", "group_id");
CREATE INDEX IF NOT EXISTS "auth_user_groups_user_id_6a12ed8b" ON "auth_user_groups" ("user_id");
CREATE INDEX IF NOT EXISTS "auth_user_groups_group_id_97559544" ON "auth_user_groups" ("group_id");
CREATE UNIQUE INDEX "auth_user_user_permissions_user_id_permission_id_14a6b632_uniq" ON "auth_user_user_permissions" ("user_id", "permission_id");
CREATE INDEX IF NOT EXISTS "auth_user_user_permissions_user_id_a95ead1b" ON "auth_user_user_permissions" ("user_id");
CREATE INDEX IF NOT EXISTS "auth_user_user_permissions_permission_id_1fbb5f2c" ON "auth_user_user_permissions" ("permission_id");
CREATE INDEX IF NOT EXISTS "django_admin_log_content_type_id_c4bce8eb" ON "django_admin_log" ("content_type_id");
CREATE INDEX IF NOT EXISTS "django_admin_log_user_id_c564eba6" ON "django_admin_log" ("user_id");
CREATE UNIQUE INDEX "django_content_type_app_label_model_76bd3d3b_uniq" ON "django_content_type" ("app_label", "model");
CREATE UNIQUE INDEX "auth_permission_content_type_id_codename_01ab375a_uniq" ON "auth_permission" ("content_type_id", "codename");
CREATE INDEX IF NOT EXISTS "auth_permission_content_type_id_2f476e4b" ON "auth_permission" ("content_type_id");
CREATE INDEX IF NOT EXISTS "django_session_expire_date_a5c62663" ON "django_session" ("expire_date");
CREATE INDEX IF NOT EXISTS "messenger_message_user_id_44204cf3" ON "messenger_message" ("user_id");
CREATE UNIQUE INDEX "messenger_thread_messages_thread_id_message_id_bb58b3ca_uniq" ON "messenger_thread_messages" ("thread_id", "message_id");
CREATE INDEX IF NOT EXISTS "messenger_thread_messages_thread_id_a70e3887" ON "messenger_thread_messages" ("thread_id");
CREATE INDEX IF NOT EXISTS "messenger_thread_messages_message_id_e4d4b7af" ON "messenger_thread_messages" ("message_id");
CREATE UNIQUE INDEX "messenger_thread_users_thread_id_user_id_d8023aff_uniq" ON "messenger_thread_users" ("thread_id", "user_id");
CREATE INDEX IF NOT EXISTS "messenger_thread_users_thread_id_8c4fd4f2" ON "messenger_thread_users" ("thread_id");
CREATE INDEX IF NOT EXISTS "messenger_thread_users_user_id_008b18f6" ON "messenger_thread_users" ("user_id");
CREATE UNIQUE INDEX "pages_page_categories_page_id_category_id_d447e277_uniq" ON "pages_page_categories" ("page_id", "category_id");
CREATE INDEX IF NOT EXISTS "pages_page_categories_page_id_969a5738" ON "pages_page_categories" ("page_id");
CREATE INDEX IF NOT EXISTS "pages_page_categories_category_id_8ce9a4bd" ON "pages_page_categories" ("category_id");
CREATE UNIQUE INDEX "registration_profile_categories_profile_id_category_id_9cb0cd57_uniq" ON "registration_profile_categories" ("profile_id", "category_id");
CREATE INDEX IF NOT EXISTS "registration_profile_categories_profile_id_22c51686" ON "registration_profile_categories" ("profile_id");
CREATE INDEX IF NOT EXISTS "registration_profile_categories_category_id_383a9cd3" ON "registration_profile_categories" ("category_id");
CREATE INDEX IF NOT EXISTS "registration_profile_provincia_id_c6712ebe" ON "registration_profile" ("provincia_id");
CREATE UNIQUE INDEX "pages_subscription_pages_subscription_id_page_id_f255c3ff_uniq" ON "pages_subscription_pages" ("subscription_id", "page_id");
CREATE INDEX IF NOT EXISTS "pages_subscription_pages_subscription_id_2c5b6b19" ON "pages_subscription_pages" ("subscription_id");
CREATE INDEX IF NOT EXISTS "pages_subscription_pages_page_id_14b085a2" ON "pages_subscription_pages" ("page_id");
CREATE INDEX IF NOT EXISTS "pages_page_dia_id_254dbe88" ON "pages_page" ("dia_id");
CREATE INDEX IF NOT EXISTS "pages_historial_page_id_55e4e036" ON "pages_historial" ("page_id");
CREATE UNIQUE INDEX "pages_historial_anotados_historial_id_user_id_37a6c63e_uniq" ON "pages_historial_anotados" ("historial_id", "user_id");
CREATE INDEX IF NOT EXISTS "pages_historial_anotados_historial_id_98960092" ON "pages_historial_anotados" ("historial_id");
CREATE INDEX IF NOT EXISTS "pages_historial_anotados_user_id_d557c3cf" ON "pages_historial_anotados" ("user_id");
CREATE UNIQUE INDEX "pages_historial_asistencias_historial_id_user_id_c0f61da1_uniq" ON "pages_historial_asistencias" ("historial_id", "user_id");
CREATE INDEX IF NOT EXISTS "pages_historial_asistencias_historial_id_029f2653" ON "pages_historial_asistencias" ("historial_id");
CREATE INDEX IF NOT EXISTS "pages_historial_asistencias_user_id_d807424c" ON "pages_historial_asistencias" ("user_id");
CREATE TABLE IF NOT EXISTS "django_admin_log" ("id" integer NOT NULL PRIMARY KEY AUTOINCREMENT, "action_time" datetime NOT NULL, "object_id" text NULL, "object_repr" varchar(200) NOT NULL, "change_message" text NOT NULL, "content_type_id" integer NULL REFERENCES "django_content_type" ("id") DEFERRABLE INITIALLY DEFERRED, "user_id" integer NOT NULL REFERENCES "auth_user" ("id") DEFERRABLE INITIALLY DEFERRED, "action_flag" smallint unsigned NOT NULL CHECK ("action_flag" >= 0));
INSERT INTO "django_admin_log" VALUES(1,'2021-04-04 19:44:46.785865','1','Lorem Impsum','[{"added": {}}]',7,1,1);
INSERT INTO "django_admin_log" VALUES(2,'2021-04-04 19:45:10.702027','2','Dolor sit amet','[{"added": {}}]',7,1,1);
INSERT INTO "django_admin_log" VALUES(3,'2021-06-19 23:21:56.149522','1','Yoga','[{"changed": {"fields": ["Orden"]}}]',7,1,2);
INSERT INTO "django_admin_log" VALUES(4,'2021-06-20 18:42:36.663446','2','Entrenamiento Funcional','[{"changed": {"fields": ["Cupos"]}}]',7,1,2);
INSERT INTO "django_admin_log" VALUES(5,'2021-06-22 19:40:21.166240','83','Subscription object (83)','[{"changed": {"fields": ["User", "Pages"]}}]',12,1,2);
INSERT INTO "django_admin_log" VALUES(6,'2021-06-22 19:41:13.019072','83','tom','[]',12,1,2);
INSERT INTO "django_admin_log" VALUES(7,'2021-06-22 19:43:10.169189','82','Hector','[{"changed": {"fields": ["User", "Pages"]}}]',12,1,2);
INSERT INTO "django_admin_log" VALUES(8,'2021-06-22 19:43:20.991972','81','Juanito','[{"changed": {"fields": ["User", "Pages"]}}]',12,1,2);
INSERT INTO "django_admin_log" VALUES(9,'2021-06-22 19:45:46.371038','80','Sin datos','',12,1,3);
INSERT INTO "django_admin_log" VALUES(10,'2021-06-24 22:32:27.722197','79','Sin datos','',12,1,3);
INSERT INTO "django_admin_log" VALUES(11,'2021-06-24 22:32:31.889410','78','Sin datos','',12,1,3);
INSERT INTO "django_admin_log" VALUES(12,'2021-06-24 22:32:34.783380','77','Sin datos','',12,1,3);
INSERT INTO "django_admin_log" VALUES(13,'2021-06-24 22:32:37.817440','76','Sin datos','',12,1,3);
INSERT INTO "django_admin_log" VALUES(14,'2021-06-24 22:32:41.340389','75','Sin datos','',12,1,3);
INSERT INTO "django_admin_log" VALUES(15,'2021-06-24 22:32:44.539165','74','Sin datos','',12,1,3);
INSERT INTO "django_admin_log" VALUES(16,'2021-06-24 22:33:04.665873','73','Sin datos','',12,1,3);
INSERT INTO "django_admin_log" VALUES(17,'2021-06-24 22:33:04.709845','72','Sin datos','',12,1,3);
INSERT INTO "django_admin_log" VALUES(18,'2021-06-24 22:33:04.746821','71','Sin datos','',12,1,3);
INSERT INTO "django_admin_log" VALUES(19,'2021-06-24 22:33:04.783372','70','Sin datos','',12,1,3);
INSERT INTO "django_admin_log" VALUES(20,'2021-06-24 22:33:04.851331','69','Sin datos','',12,1,3);
INSERT INTO "django_admin_log" VALUES(21,'2021-06-24 22:33:04.908294','68','Sin datos','',12,1,3);
INSERT INTO "django_admin_log" VALUES(22,'2021-06-24 22:33:04.980250','67','Sin datos','',12,1,3);
INSERT INTO "django_admin_log" VALUES(23,'2021-06-24 22:33:05.071194','66','Sin datos','',12,1,3);
INSERT INTO "django_admin_log" VALUES(24,'2021-06-24 22:33:05.151942','65','Sin datos','',12,1,3);
INSERT INTO "django_admin_log" VALUES(25,'2021-06-24 22:33:05.220899','64','Sin datos','',12,1,3);
INSERT INTO "django_admin_log" VALUES(26,'2021-06-24 22:33:05.275868','63','Sin datos','',12,1,3);
INSERT INTO "django_admin_log" VALUES(27,'2021-06-24 22:33:05.333829','62','Sin datos','',12,1,3);
INSERT INTO "django_admin_log" VALUES(28,'2021-06-24 22:33:05.392794','61','Sin datos','',12,1,3);
INSERT INTO "django_admin_log" VALUES(29,'2021-06-24 22:33:05.434767','60','Sin datos','',12,1,3);
INSERT INTO "django_admin_log" VALUES(30,'2021-06-24 22:33:05.472743','59','Sin datos','',12,1,3);
INSERT INTO "django_admin_log" VALUES(31,'2021-06-24 22:33:05.510720','58','Sin datos','',12,1,3);
INSERT INTO "django_admin_log" VALUES(32,'2021-06-24 22:33:05.553950','57','Sin datos','',12,1,3);
INSERT INTO "django_admin_log" VALUES(33,'2021-06-24 22:33:05.591931','56','Sin datos','',12,1,3);
INSERT INTO "django_admin_log" VALUES(34,'2021-06-24 22:33:05.636839','55','Sin datos','',12,1,3);
INSERT INTO "django_admin_log" VALUES(35,'2021-06-24 22:33:05.674818','54','Sin datos','',12,1,3);
INSERT INTO "django_admin_log" VALUES(36,'2021-06-24 22:33:05.711795','53','Sin datos','',12,1,3);
INSERT INTO "django_admin_log" VALUES(37,'2021-06-24 22:33:05.754740','52','Sin datos','',12,1,3);
INSERT INTO "django_admin_log" VALUES(38,'2021-06-24 22:33:05.818089','51','Sin datos','',12,1,3);
INSERT INTO "django_admin_log" VALUES(39,'2021-06-24 22:33:05.855064','50','Sin datos','',12,1,3);
INSERT INTO "django_admin_log" VALUES(40,'2021-06-24 22:33:05.891042','49','Sin datos','',12,1,3);
INSERT INTO "django_admin_log" VALUES(41,'2021-06-24 22:33:05.928020','48','Sin datos','',12,1,3);
INSERT INTO "django_admin_log" VALUES(42,'2021-06-24 22:33:05.965996','47','Sin datos','',12,1,3);
INSERT INTO "django_admin_log" VALUES(43,'2021-06-24 22:33:06.011011','46','Sin datos','',12,1,3);
INSERT INTO "django_admin_log" VALUES(44,'2021-06-24 22:33:06.055191','45','Sin datos','',12,1,3);
INSERT INTO "django_admin_log" VALUES(45,'2021-06-24 22:33:06.091852','44','Sin datos','',12,1,3);
INSERT INTO "django_admin_log" VALUES(46,'2021-06-24 22:33:06.130281','43','Sin datos','',12,1,3);
INSERT INTO "django_admin_log" VALUES(47,'2021-06-24 22:33:06.167267','42','Sin datos','',12,1,3);
INSERT INTO "django_admin_log" VALUES(48,'2021-06-24 22:33:06.212347','41','Sin datos','',12,1,3);
INSERT INTO "django_admin_log" VALUES(49,'2021-06-24 22:33:06.248281','40','Sin datos','',12,1,3);
INSERT INTO "django_admin_log" VALUES(50,'2021-06-24 22:33:06.288004','39','Sin datos','',12,1,3);
INSERT INTO "django_admin_log" VALUES(51,'2021-06-24 22:33:06.324846','38','Sin datos','',12,1,3);
INSERT INTO "django_admin_log" VALUES(52,'2021-06-24 22:33:06.360790','37','Sin datos','',12,1,3);
INSERT INTO "django_admin_log" VALUES(53,'2021-06-24 22:33:06.397150','36','Sin datos','',12,1,3);
INSERT INTO "django_admin_log" VALUES(54,'2021-06-24 22:33:06.433692','35','Sin datos','',12,1,3);
INSERT INTO "django_admin_log" VALUES(55,'2021-06-24 22:33:06.508379','34','Sin datos','',12,1,3);
INSERT INTO "django_admin_log" VALUES(56,'2021-06-24 22:33:06.545355','33','Sin datos','',12,1,3);
INSERT INTO "django_admin_log" VALUES(57,'2021-06-24 22:33:06.616311','32','Sin datos','',12,1,3);
INSERT INTO "django_admin_log" VALUES(58,'2021-06-24 22:33:06.653301','31','Sin datos','',12,1,3);
INSERT INTO "django_admin_log" VALUES(59,'2021-06-24 22:33:06.689373','30','Sin datos','',12,1,3);
INSERT INTO "django_admin_log" VALUES(60,'2021-06-24 22:33:06.751886','29','Sin datos','',12,1,3);
INSERT INTO "django_admin_log" VALUES(61,'2021-06-24 22:33:06.798084','28','Sin datos','',12,1,3);
INSERT INTO "django_admin_log" VALUES(62,'2021-06-24 22:33:06.867347','27','Sin datos','',12,1,3);
INSERT INTO "django_admin_log" VALUES(63,'2021-06-24 22:33:06.916352','26','Sin datos','',12,1,3);
INSERT INTO "django_admin_log" VALUES(64,'2021-06-24 22:33:06.962542','25','Sin datos','',12,1,3);
INSERT INTO "django_admin_log" VALUES(65,'2021-06-24 22:33:07.007591','24','Sin datos','',12,1,3);
INSERT INTO "django_admin_log" VALUES(66,'2021-06-24 22:33:07.052361','23','Sin datos','',12,1,3);
INSERT INTO "django_admin_log" VALUES(67,'2021-06-24 22:33:07.097028','22','Sin datos','',12,1,3);
INSERT INTO "django_admin_log" VALUES(68,'2021-06-24 22:33:07.143000','21','Sin datos','',12,1,3);
INSERT INTO "django_admin_log" VALUES(69,'2021-06-24 22:33:07.196712','20','Sin datos','',12,1,3);
INSERT INTO "django_admin_log" VALUES(70,'2021-06-24 22:33:07.266749','19','Sin datos','',12,1,3);
INSERT INTO "django_admin_log" VALUES(71,'2021-06-24 22:33:07.344086','18','Sin datos','',12,1,3);
INSERT INTO "django_admin_log" VALUES(72,'2021-06-24 22:33:07.389151','17','Sin datos','',12,1,3);
INSERT INTO "django_admin_log" VALUES(73,'2021-06-24 22:33:07.459010','16','Sin datos','',12,1,3);
INSERT INTO "django_admin_log" VALUES(74,'2021-06-24 22:33:07.537209','15','Sin datos','',12,1,3);
INSERT INTO "django_admin_log" VALUES(75,'2021-06-24 22:33:07.591357','14','Sin datos','',12,1,3);
INSERT INTO "django_admin_log" VALUES(76,'2021-06-24 22:33:07.636465','13','Sin datos','',12,1,3);
INSERT INTO "django_admin_log" VALUES(77,'2021-06-24 22:33:07.681622','12','Sin datos','',12,1,3);
INSERT INTO "django_admin_log" VALUES(78,'2021-06-24 22:33:07.726682','11','Sin datos','',12,1,3);
INSERT INTO "django_admin_log" VALUES(79,'2021-06-24 22:33:07.789393','10','Sin datos','',12,1,3);
INSERT INTO "django_admin_log" VALUES(80,'2021-06-24 22:33:07.834492','9','Sin datos','',12,1,3);
INSERT INTO "django_admin_log" VALUES(81,'2021-06-24 22:33:07.878829','8','Sin datos','',12,1,3);
INSERT INTO "django_admin_log" VALUES(82,'2021-06-24 22:33:07.923802','7','Sin datos','',12,1,3);
INSERT INTO "django_admin_log" VALUES(83,'2021-06-24 22:33:07.960953','6','Sin datos','',12,1,3);
INSERT INTO "django_admin_log" VALUES(84,'2021-06-24 22:33:07.997928','5','Sin datos','',12,1,3);
INSERT INTO "django_admin_log" VALUES(85,'2021-06-24 22:33:08.059890','4','Sin datos','',12,1,3);
INSERT INTO "django_admin_log" VALUES(86,'2021-06-24 22:33:08.113119','3','Sin datos','',12,1,3);
INSERT INTO "django_admin_log" VALUES(87,'2021-06-24 22:33:08.166084','2','Sin datos','',12,1,3);
INSERT INTO "django_admin_log" VALUES(88,'2021-06-24 22:33:08.231044','1','Sin datos','',12,1,3);
INSERT INTO "django_admin_log" VALUES(89,'2021-06-24 22:33:17.700855','81','Subscripciones','[{"changed": {"fields": ["Pages"]}}]',12,1,2);
INSERT INTO "django_admin_log" VALUES(90,'2021-06-24 22:33:22.303578','82','Subscripciones','[{"changed": {"fields": ["Pages"]}}]',12,1,2);
INSERT INTO "django_admin_log" VALUES(91,'2021-06-24 22:33:48.964632','2','Entrenamiento Funcional','[{"changed": {"fields": ["Cupo"]}}]',7,1,2);
INSERT INTO "django_admin_log" VALUES(92,'2021-06-24 22:33:54.332390','8','Krav Maga','[{"changed": {"fields": ["Cupo"]}}]',7,1,2);
INSERT INTO "django_admin_log" VALUES(93,'2021-06-24 22:33:58.418465','1','Yoga en el jardín','[{"changed": {"fields": ["Cupo"]}}]',7,1,2);
INSERT INTO "django_admin_log" VALUES(94,'2021-06-24 22:34:02.083424','10','Speaking Club','[{"changed": {"fields": ["Cupo"]}}]',7,1,2);
INSERT INTO "django_admin_log" VALUES(95,'2021-06-24 22:34:06.124269','9','Mosaiquismo y Vitrofusión','[{"changed": {"fields": ["Cupo"]}}]',7,1,2);
INSERT INTO "django_admin_log" VALUES(96,'2021-06-24 22:34:10.290952','5','Espacio de Coworking','[{"changed": {"fields": ["Cupo"]}}]',7,1,2);
INSERT INTO "django_admin_log" VALUES(97,'2021-06-24 22:38:14.262322','12','Hector','',4,1,3);
INSERT INTO "django_admin_log" VALUES(98,'2021-06-24 22:38:14.303975','15','Ian','',4,1,3);
INSERT INTO "django_admin_log" VALUES(99,'2021-06-24 22:38:14.349119','13','Juanito','',4,1,3);
INSERT INTO "django_admin_log" VALUES(100,'2021-06-24 22:38:14.386836','10','Prueba3','',4,1,3);
INSERT INTO "django_admin_log" VALUES(101,'2021-06-24 22:38:14.425856','2','pepito','',4,1,3);
INSERT INTO "django_admin_log" VALUES(102,'2021-06-24 22:38:14.470934','4','pepito2','',4,1,3);
INSERT INTO "django_admin_log" VALUES(103,'2021-06-24 22:38:14.516851','5','pepito3','',4,1,3);
INSERT INTO "django_admin_log" VALUES(104,'2021-06-24 22:38:14.563785','6','pepito4','',4,1,3);
INSERT INTO "django_admin_log" VALUES(105,'2021-06-24 22:38:14.609457','7','prueba','',4,1,3);
INSERT INTO "django_admin_log" VALUES(106,'2021-06-24 22:38:14.656081','8','prueba2','',4,1,3);
INSERT INTO "django_admin_log" VALUES(107,'2021-06-24 22:38:14.701508','9','prueba3','',4,1,3);
INSERT INTO "django_admin_log" VALUES(108,'2021-06-24 22:38:14.738852','11','prueba4','',4,1,3);
INSERT INTO "django_admin_log" VALUES(109,'2021-06-24 22:38:14.784330','3','tomtom','',4,1,3);
INSERT INTO "django_admin_log" VALUES(110,'2021-06-24 22:40:08.645469','1','PageAdmin','[{"added": {}}]',3,1,1);
INSERT INTO "django_admin_log" VALUES(111,'2021-06-24 22:40:45.164552','2','UserAdmin','[{"added": {}}]',3,1,1);
INSERT INTO "django_admin_log" VALUES(112,'2021-06-24 22:41:58.077986','1','Tom','[{"changed": {"fields": ["Username"]}}]',4,1,2);
INSERT INTO "django_admin_log" VALUES(113,'2021-06-24 22:46:37.023071','16','prueba','[{"added": {}}]',4,1,1);
INSERT INTO "django_admin_log" VALUES(114,'2021-06-24 22:47:02.559342','16','prueba','[]',4,1,2);
INSERT INTO "django_admin_log" VALUES(115,'2021-06-24 22:47:35.122989','14','Ian','[{"changed": {"fields": ["Username", "Email address", "Staff status"]}}]',4,1,2);
INSERT INTO "django_admin_log" VALUES(116,'2021-06-26 04:45:20.618958','90','Sin datos','',12,1,3);
INSERT INTO "django_admin_log" VALUES(117,'2021-06-26 04:45:20.677262','89','Sin datos','',12,1,3);
INSERT INTO "django_admin_log" VALUES(118,'2021-06-26 04:45:20.748396','88','Sin datos','',12,1,3);
INSERT INTO "django_admin_log" VALUES(119,'2021-06-26 04:45:20.818324','87','Sin datos','',12,1,3);
INSERT INTO "django_admin_log" VALUES(120,'2021-06-26 04:45:20.860301','86','Sin datos','',12,1,3);
INSERT INTO "django_admin_log" VALUES(121,'2021-06-26 04:45:20.899835','85','Sin datos','',12,1,3);
INSERT INTO "django_admin_log" VALUES(122,'2021-06-26 04:45:20.980006','84','Sin datos','',12,1,3);
INSERT INTO "django_admin_log" VALUES(123,'2021-06-26 05:10:58.997133','14','Ian','[{"changed": {"fields": ["Groups"]}}]',4,1,2);
INSERT INTO "django_admin_log" VALUES(124,'2021-06-26 05:11:25.588945','16','prueba','[{"changed": {"fields": ["password"]}}]',4,1,2);
INSERT INTO "django_admin_log" VALUES(125,'2021-06-26 05:15:07.193151','96','Subscripciones','[{"changed": {"fields": ["User", "Pages"]}}]',12,1,2);
INSERT INTO "django_admin_log" VALUES(126,'2021-06-26 05:18:40.921848','96','Subscripciones','',12,14,3);
INSERT INTO "django_admin_log" VALUES(127,'2021-06-26 05:19:02.703617','83','Subscripciones','',12,14,3);
INSERT INTO "django_admin_log" VALUES(128,'2021-06-27 21:21:47.351449','121','Sin datos','',12,1,3);
INSERT INTO "django_admin_log" VALUES(129,'2021-06-27 21:21:47.416372','120','Sin datos','',12,1,3);
INSERT INTO "django_admin_log" VALUES(130,'2021-06-27 21:21:47.454347','119','Sin datos','',12,1,3);
INSERT INTO "django_admin_log" VALUES(131,'2021-06-27 21:21:47.509315','118','Sin datos','',12,1,3);
INSERT INTO "django_admin_log" VALUES(132,'2021-06-27 21:21:47.563280','117','Sin datos','',12,1,3);
INSERT INTO "django_admin_log" VALUES(133,'2021-06-27 21:21:47.604909','116','Sin datos','',12,1,3);
INSERT INTO "django_admin_log" VALUES(134,'2021-06-27 21:21:47.671894','115','Sin datos','',12,1,3);
INSERT INTO "django_admin_log" VALUES(135,'2021-06-27 21:21:47.747663','114','Sin datos','',12,1,3);
INSERT INTO "django_admin_log" VALUES(136,'2021-06-27 21:21:47.803632','113','Sin datos','',12,1,3);
INSERT INTO "django_admin_log" VALUES(137,'2021-06-27 21:21:47.867418','112','Sin datos','',12,1,3);
INSERT INTO "django_admin_log" VALUES(138,'2021-06-27 21:21:47.907816','111','Sin datos','',12,1,3);
INSERT INTO "django_admin_log" VALUES(139,'2021-06-27 21:21:47.967154','110','Sin datos','',12,1,3);
INSERT INTO "django_admin_log" VALUES(140,'2021-06-27 21:21:48.005205','109','Sin datos','',12,1,3);
INSERT INTO "django_admin_log" VALUES(141,'2021-06-27 21:21:48.092545','108','Sin datos','',12,1,3);
INSERT INTO "django_admin_log" VALUES(142,'2021-06-27 21:21:48.138732','107','Sin datos','',12,1,3);
INSERT INTO "django_admin_log" VALUES(143,'2021-06-27 21:21:48.201013','106','Sin datos','',12,1,3);
INSERT INTO "django_admin_log" VALUES(144,'2021-06-27 21:21:48.261975','105','Sin datos','',12,1,3);
INSERT INTO "django_admin_log" VALUES(145,'2021-06-27 21:21:48.301003','104','Sin datos','',12,1,3);
INSERT INTO "django_admin_log" VALUES(146,'2021-06-27 21:21:48.338317','103','Sin datos','',12,1,3);
INSERT INTO "django_admin_log" VALUES(147,'2021-06-27 21:21:48.377386','102','Sin datos','',12,1,3);
INSERT INTO "django_admin_log" VALUES(148,'2021-06-27 21:21:48.478665','101','Sin datos','',12,1,3);
INSERT INTO "django_admin_log" VALUES(149,'2021-06-27 21:21:48.523741','100','Sin datos','',12,1,3);
INSERT INTO "django_admin_log" VALUES(150,'2021-06-27 21:21:48.565708','99','Sin datos','',12,1,3);
INSERT INTO "django_admin_log" VALUES(151,'2021-06-27 21:21:48.607679','98','Sin datos','',12,1,3);
INSERT INTO "django_admin_log" VALUES(152,'2021-06-27 21:21:48.653666','97','Sin datos','',12,1,3);
INSERT INTO "django_admin_log" VALUES(153,'2021-06-27 21:21:48.690745','95','Sin datos','',12,1,3);
INSERT INTO "django_admin_log" VALUES(154,'2021-06-27 21:21:48.729721','94','Sin datos','',12,1,3);
INSERT INTO "django_admin_log" VALUES(155,'2021-06-27 21:21:48.769702','93','Sin datos','',12,1,3);
INSERT INTO "django_admin_log" VALUES(156,'2021-06-27 21:21:48.812687','92','Sin datos','',12,1,3);
INSERT INTO "django_admin_log" VALUES(157,'2021-06-27 21:21:48.851740','91','Sin datos','',12,1,3);
INSERT INTO "django_admin_log" VALUES(158,'2021-06-28 02:08:41.593811','123','Subscripciones','[{"added": {}}]',12,1,1);
INSERT INTO "django_admin_log" VALUES(159,'2021-06-28 02:08:48.487752','124','Subscripciones','[{"added": {}}]',12,1,1);
INSERT INTO "django_admin_log" VALUES(160,'2021-06-28 02:09:23.322449','125','Subscripciones','[{"added": {}}]',12,1,1);
INSERT INTO "django_admin_log" VALUES(161,'2021-06-28 02:09:40.954185','18','prueba3','[{"added": {}}]',4,1,1);
INSERT INTO "django_admin_log" VALUES(162,'2021-06-28 02:09:44.414664','126','Subscripciones','[{"added": {}}]',12,1,1);
INSERT INTO "django_admin_log" VALUES(163,'2021-06-28 02:09:55.815055','19','prueba5','[{"added": {}}]',4,1,1);
INSERT INTO "django_admin_log" VALUES(164,'2021-06-28 02:09:58.450142','127','Subscripciones','[{"added": {}}]',12,1,1);
INSERT INTO "django_admin_log" VALUES(165,'2021-06-28 02:10:14.384012','2','Entrenamiento Funcional','[{"changed": {"fields": ["Cupo"]}}]',7,1,2);
INSERT INTO "django_admin_log" VALUES(166,'2021-06-28 02:11:01.429609','2','Entrenamiento Funcional','[{"changed": {"fields": ["Cupo"]}}]',7,1,2);
INSERT INTO "django_admin_log" VALUES(167,'2021-06-28 04:02:10.462195','1','Facebook','[{"added": {}}]',13,1,1);
INSERT INTO "django_admin_log" VALUES(168,'2021-06-28 04:02:36.172675','2','Instagram','[{"added": {}}]',13,1,1);
INSERT INTO "django_admin_log" VALUES(169,'2021-06-28 04:12:33.702607','2','Instagram','[{"changed": {"fields": ["Nombre clave"]}}]',13,1,2);
INSERT INTO "django_admin_log" VALUES(170,'2021-06-28 04:14:09.984723','2','Instagram','[{"changed": {"fields": ["Enlace"]}}]',13,1,2);
INSERT INTO "django_admin_log" VALUES(171,'2021-06-28 04:14:36.047512','1','Facebook','[{"changed": {"fields": ["Enlace"]}}]',13,1,2);
INSERT INTO "django_admin_log" VALUES(172,'2021-06-28 04:27:10.896078','1','Lunes','[{"added": {}}]',14,1,1);
INSERT INTO "django_admin_log" VALUES(173,'2021-06-28 04:27:15.063335','2','Martes','[{"added": {}}]',14,1,1);
INSERT INTO "django_admin_log" VALUES(174,'2021-06-28 04:27:20.204900','3','Miércoles','[{"added": {}}]',14,1,1);
INSERT INTO "django_admin_log" VALUES(175,'2021-06-28 04:27:24.337100','4','Jueves','[{"added": {}}]',14,1,1);
INSERT INTO "django_admin_log" VALUES(176,'2021-06-28 04:27:28.384312','5','Viernes','[{"added": {}}]',14,1,1);
INSERT INTO "django_admin_log" VALUES(177,'2021-06-28 04:27:32.135872','6','Sábado','[{"added": {}}]',14,1,1);
INSERT INTO "django_admin_log" VALUES(178,'2021-06-28 04:27:37.161271','7','Domingo','[{"added": {}}]',14,1,1);
INSERT INTO "django_admin_log" VALUES(179,'2021-06-28 15:15:41.624130','1','Deporte','[{"added": {}}]',15,1,1);
INSERT INTO "django_admin_log" VALUES(180,'2021-06-28 15:15:48.221278','2','Educación','[{"added": {}}]',15,1,1);
INSERT INTO "django_admin_log" VALUES(181,'2021-06-28 15:16:05.852227','3','Arte','[{"added": {}}]',15,1,1);
INSERT INTO "django_admin_log" VALUES(182,'2021-06-28 15:16:19.110860','4','Actualidad','[{"added": {}}]',15,1,1);
INSERT INTO "django_admin_log" VALUES(183,'2021-06-28 15:28:45.375976','2','Entrenamiento Funcional','[{"changed": {"fields": ["Categorias"]}}]',7,1,2);
INSERT INTO "django_admin_log" VALUES(184,'2021-06-28 15:29:00.327171','8','Krav Maga','[{"changed": {"fields": ["Categorias"]}}]',7,1,2);
INSERT INTO "django_admin_log" VALUES(185,'2021-06-28 15:29:28.985530','5','Salud','[{"added": {}}]',15,1,1);
INSERT INTO "django_admin_log" VALUES(186,'2021-06-28 15:29:38.059957','6','Interes general','[{"added": {}}]',15,1,1);
INSERT INTO "django_admin_log" VALUES(187,'2021-06-28 15:30:18.759320','7','Meditación','[{"added": {}}]',15,1,1);
INSERT INTO "django_admin_log" VALUES(188,'2021-06-28 15:30:22.463342','8','Debate','[{"added": {}}]',15,1,1);
INSERT INTO "django_admin_log" VALUES(189,'2021-06-28 15:30:49.802301','9','Diversión','[{"added": {}}]',15,1,1);
INSERT INTO "django_admin_log" VALUES(190,'2021-06-28 15:31:35.096222','10','Social','[{"added": {}}]',15,1,1);
INSERT INTO "django_admin_log" VALUES(191,'2021-06-28 15:31:48.056961','1','Yoga en el jardín','[{"changed": {"fields": ["Categorias"]}}]',7,1,2);
INSERT INTO "django_admin_log" VALUES(192,'2021-06-28 15:32:27.742886','11','Defensa personal','[{"added": {}}]',15,1,1);
INSERT INTO "django_admin_log" VALUES(193,'2021-06-28 15:32:34.837449','2','Entrenamiento Funcional','[{"changed": {"fields": ["Categorias"]}}]',7,1,2);
INSERT INTO "django_admin_log" VALUES(194,'2021-06-28 15:33:03.093574','2','Entrenamiento Funcional','[{"changed": {"fields": ["Categorias"]}}]',7,1,2);
INSERT INTO "django_admin_log" VALUES(195,'2021-06-28 15:33:26.619967','8','Krav Maga','[{"changed": {"fields": ["Categorias"]}}]',7,1,2);
INSERT INTO "django_admin_log" VALUES(196,'2021-06-28 15:33:33.866806','1','Yoga en el jardín','[]',7,1,2);
INSERT INTO "django_admin_log" VALUES(197,'2021-06-28 15:33:50.881071','12','Idiomas','[{"added": {}}]',15,1,1);
INSERT INTO "django_admin_log" VALUES(198,'2021-06-28 15:34:00.234074','10','Speaking Club','[{"changed": {"fields": ["Categorias"]}}]',7,1,2);
INSERT INTO "django_admin_log" VALUES(199,'2021-06-28 15:34:50.899351','9','Mosaiquismo y Vitrofusión','[{"changed": {"fields": ["Categorias"]}}]',7,1,2);
INSERT INTO "django_admin_log" VALUES(200,'2021-06-28 15:35:02.051835','10','Speaking Club','[{"changed": {"fields": ["Categorias"]}}]',7,1,2);
INSERT INTO "django_admin_log" VALUES(201,'2021-06-28 15:35:54.693040','13','Trabajo','[{"added": {}}]',15,1,1);
INSERT INTO "django_admin_log" VALUES(202,'2021-06-28 15:36:07.123113','5','Espacio de Coworking','[{"changed": {"fields": ["Categorias"]}}]',7,1,2);
INSERT INTO "django_admin_log" VALUES(203,'2021-06-28 18:45:32.254380','1','CABA','[{"added": {}}]',16,1,1);
INSERT INTO "django_admin_log" VALUES(204,'2021-06-28 18:45:51.344921','2','GBA','[{"added": {}}]',16,1,1);
INSERT INTO "django_admin_log" VALUES(205,'2021-06-28 18:57:25.668595','11','prueba2','[{"changed": {"fields": ["Provincia", "Intereses"]}}]',8,1,2);
INSERT INTO "django_admin_log" VALUES(206,'2021-06-28 18:57:32.772089','10','prueba','[{"changed": {"fields": ["Provincia"]}}]',8,1,2);
INSERT INTO "django_admin_log" VALUES(207,'2021-06-28 18:57:40.589589','8','Ian','[{"changed": {"fields": ["Provincia"]}}]',8,1,2);
INSERT INTO "django_admin_log" VALUES(208,'2021-06-28 18:57:46.557413','1','Tom','[{"changed": {"fields": ["Provincia"]}}]',8,1,2);
INSERT INTO "django_admin_log" VALUES(209,'2021-06-28 18:58:57.189987','1','Tom','[{"changed": {"fields": ["Provincia"]}}]',8,1,2);
INSERT INTO "django_admin_log" VALUES(210,'2021-06-28 18:59:02.825534','1','Tom','[{"changed": {"fields": ["Provincia"]}}]',8,1,2);
INSERT INTO "django_admin_log" VALUES(211,'2021-06-28 18:59:08.058957','8','Ian','[{"changed": {"fields": ["Provincia"]}}]',8,1,2);
INSERT INTO "django_admin_log" VALUES(212,'2021-06-28 18:59:11.987090','10','prueba','[]',8,1,2);
INSERT INTO "django_admin_log" VALUES(213,'2021-06-28 18:59:18.067679','1','Tom','[]',8,1,2);
INSERT INTO "django_admin_log" VALUES(214,'2021-06-28 18:59:23.953959','11','prueba2','[{"changed": {"fields": ["Provincia"]}}]',8,1,2);
INSERT INTO "django_admin_log" VALUES(215,'2021-06-28 18:59:28.040915','13','prueba5','[]',8,1,2);
INSERT INTO "django_admin_log" VALUES(216,'2021-06-28 18:59:31.856872','12','prueba3','[]',8,1,2);
INSERT INTO "django_admin_log" VALUES(217,'2021-06-28 18:59:36.124725','12','prueba3','[]',8,1,2);
INSERT INTO "django_admin_log" VALUES(218,'2021-06-28 18:59:39.297790','13','prueba5','[]',8,1,2);
INSERT INTO "django_admin_log" VALUES(219,'2021-06-28 18:59:42.912822','11','prueba2','[]',8,1,2);
INSERT INTO "django_admin_log" VALUES(220,'2021-06-28 18:59:46.864704','1','Tom','[]',8,1,2);
INSERT INTO "django_admin_log" VALUES(221,'2021-06-28 18:59:49.831675','8','Ian','[]',8,1,2);
INSERT INTO "django_admin_log" VALUES(222,'2021-06-28 19:00:36.737088','8','Ian','[]',8,1,2);
INSERT INTO "django_admin_log" VALUES(223,'2021-06-28 19:00:40.107628','1','Tom','[]',8,1,2);
INSERT INTO "django_admin_log" VALUES(224,'2021-06-28 19:00:48.977024','11','prueba2','[]',8,1,2);
INSERT INTO "django_admin_log" VALUES(225,'2021-06-28 19:00:49.154860','11','prueba2','[]',8,1,2);
INSERT INTO "django_admin_log" VALUES(226,'2021-06-28 19:00:55.271707','13','prueba5','[]',8,1,2);
INSERT INTO "django_admin_log" VALUES(227,'2021-06-28 19:01:06.881845','10','prueba','[{"changed": {"fields": ["Provincia"]}}]',8,1,2);
INSERT INTO "django_admin_log" VALUES(228,'2021-06-28 19:01:36.255388','10','prueba','[{"changed": {"fields": ["Provincia"]}}]',8,1,2);
INSERT INTO "django_admin_log" VALUES(229,'2021-06-28 19:01:42.680434','10','prueba','[]',8,1,2);
INSERT INTO "django_admin_log" VALUES(230,'2021-06-28 19:01:46.447138','13','prueba5','[]',8,1,2);
INSERT INTO "django_admin_log" VALUES(231,'2021-06-28 19:01:50.976274','11','prueba2','[]',8,1,2);
INSERT INTO "django_admin_log" VALUES(232,'2021-06-28 19:01:59.199679','1','Tom','[]',8,1,2);
INSERT INTO "django_admin_log" VALUES(233,'2021-06-28 19:02:02.192298','8','Ian','[]',8,1,2);
INSERT INTO "django_admin_log" VALUES(234,'2021-06-28 19:16:40.606556','8','Ian','[{"changed": {"fields": ["Provincia"]}}]',8,1,2);
INSERT INTO "django_admin_log" VALUES(235,'2021-06-29 04:35:05.654880','8','Krav Maga','[{"changed": {"fields": ["Flyer"]}}]',7,1,2);
INSERT INTO "django_admin_log" VALUES(236,'2021-06-29 04:49:59.725966','8','Krav Maga','[{"changed": {"fields": ["Horario"]}}]',7,1,2);
INSERT INTO "django_admin_log" VALUES(237,'2021-06-29 04:50:07.152593','2','Entrenamiento Funcional','[{"changed": {"fields": ["Horario"]}}]',7,1,2);
INSERT INTO "django_admin_log" VALUES(238,'2021-06-29 04:50:14.012784','1','Yoga en el jardín','[{"changed": {"fields": ["Horario"]}}]',7,1,2);
INSERT INTO "django_admin_log" VALUES(239,'2021-06-29 04:50:20.176195','10','Speaking Club','[{"changed": {"fields": ["Horario"]}}]',7,1,2);
INSERT INTO "django_admin_log" VALUES(240,'2021-06-29 04:50:33.241613','9','Mosaiquismo y Vitrofusión','[{"changed": {"fields": ["Horario"]}}]',7,1,2);
INSERT INTO "django_admin_log" VALUES(241,'2021-06-29 04:50:40.137549','5','Espacio de Coworking','[{"changed": {"fields": ["Horario"]}}]',7,1,2);
INSERT INTO "django_admin_log" VALUES(242,'2021-06-29 05:02:06.681038','8','Krav Maga','[{"changed": {"fields": ["Nuevo"]}}]',7,1,2);
INSERT INTO "django_admin_log" VALUES(243,'2021-06-29 15:06:11.944439','11','Actualidad Israeli','[{"added": {}}]',7,1,1);
INSERT INTO "django_admin_log" VALUES(244,'2021-06-29 15:07:46.144281','12','Yoga','[{"added": {}}]',7,1,1);
INSERT INTO "django_admin_log" VALUES(245,'2021-06-29 15:10:53.420228','12','Yoga','[{"changed": {"fields": ["Orden", "Cupo"]}}]',7,1,2);
INSERT INTO "django_admin_log" VALUES(246,'2021-06-29 15:11:34.600758','11','Actualidad Israeli','[{"changed": {"fields": ["Cupo"]}}]',7,1,2);
INSERT INTO "django_admin_log" VALUES(247,'2021-06-29 15:26:53.896903','2','Entrenamiento Funcional','[{"changed": {"fields": ["Flyer"]}}]',7,1,2);
INSERT INTO "django_admin_log" VALUES(248,'2021-06-29 15:27:08.081980','12','Yoga','[{"changed": {"fields": ["Flyer"]}}]',7,1,2);
INSERT INTO "django_admin_log" VALUES(249,'2021-06-29 15:27:19.381644','11','Actualidad Israeli','[{"changed": {"fields": ["Flyer"]}}]',7,1,2);
INSERT INTO "django_admin_log" VALUES(250,'2021-07-01 03:48:31.623708','1','Tom','[{"changed": {"fields": ["Perfil validado"]}}]',8,1,2);
INSERT INTO "django_admin_log" VALUES(251,'2021-07-01 03:55:37.101347','1','Tom','[{"changed": {"fields": ["Perfil validado"]}}]',8,1,2);
INSERT INTO "django_admin_log" VALUES(252,'2021-07-01 04:17:04.937631','1','Tom','[{"changed": {"fields": ["Perfil validado"]}}]',8,1,2);
INSERT INTO "django_admin_log" VALUES(253,'2021-07-01 04:21:28.796273','1','Tom','[{"changed": {"fields": ["Perfil validado"]}}]',8,1,2);
INSERT INTO "django_admin_log" VALUES(254,'2021-07-01 04:22:37.962952','1','Tom','[{"changed": {"fields": ["Perfil validado"]}}]',8,1,2);
INSERT INTO "django_admin_log" VALUES(255,'2021-07-01 04:25:53.249979','1','Tom','[{"changed": {"fields": ["Perfil validado"]}}]',8,1,2);
INSERT INTO "django_admin_log" VALUES(256,'2021-07-01 04:27:01.800438','1','Tom','[{"changed": {"fields": ["Perfil validado"]}}]',8,1,2);
INSERT INTO "django_admin_log" VALUES(257,'2021-07-01 04:31:25.955642','1','Tom','[{"changed": {"fields": ["Perfil validado"]}}]',8,1,2);
INSERT INTO "django_admin_log" VALUES(258,'2021-07-01 04:47:30.075647','1','Tom','[{"changed": {"fields": ["Perfil validado"]}}]',8,1,2);
INSERT INTO "django_admin_log" VALUES(259,'2021-07-01 04:48:59.365888','1','Tom','[{"changed": {"fields": ["Perfil validado"]}}]',8,1,2);
INSERT INTO "django_admin_log" VALUES(260,'2021-07-01 04:49:32.881598','1','Tom','[{"changed": {"fields": ["Perfil validado"]}}]',8,1,2);
INSERT INTO "django_admin_log" VALUES(261,'2021-07-01 04:57:09.128683','1','Tom','[{"changed": {"fields": ["Perfil validado"]}}]',8,1,2);
INSERT INTO "django_admin_log" VALUES(262,'2021-07-01 14:12:37.241084','1','Tom','[{"changed": {"fields": ["Perfil validado"]}}]',8,1,2);
INSERT INTO "django_admin_log" VALUES(263,'2021-07-01 15:38:21.291479','122','Subscripciones','[{"changed": {"fields": ["Pages"]}}]',12,1,2);
INSERT INTO "django_admin_log" VALUES(264,'2021-07-01 23:50:08.530505','2','Entrenamiento Funcional','[{"changed": {"fields": ["Dias"]}}]',7,1,2);
INSERT INTO "django_admin_log" VALUES(265,'2021-07-02 00:03:49.319825','2','Entrenamiento Funcional','[]',7,1,2);
INSERT INTO "django_admin_log" VALUES(266,'2021-07-02 00:19:42.663133','2','Entrenamiento Funcional','[{"changed": {"fields": ["Dias"]}}]',7,1,2);
INSERT INTO "django_admin_log" VALUES(267,'2021-07-02 00:19:48.824877','8','Krav Maga','[{"changed": {"fields": ["Dias"]}}]',7,1,2);
INSERT INTO "django_admin_log" VALUES(268,'2021-07-02 00:22:15.191556','2','Entrenamiento Funcional','[{"changed": {"fields": ["Hora desde", "Hora hasta"]}}]',7,1,2);
INSERT INTO "django_admin_log" VALUES(269,'2021-07-02 00:28:47.427350','10','Speaking Club','[{"changed": {"fields": ["Hora desde", "Hora hasta", "Dias"]}}]',7,1,2);
INSERT INTO "django_admin_log" VALUES(270,'2021-07-02 00:29:05.352998','9','Mosaiquismo y Vitrofusión','[{"changed": {"fields": ["Hora desde", "Hora hasta", "Dias"]}}]',7,1,2);
INSERT INTO "django_admin_log" VALUES(271,'2021-07-02 00:29:11.298088','9','Mosaiquismo y Vitrofusión','[]',7,1,2);
INSERT INTO "django_admin_log" VALUES(272,'2021-07-02 00:29:50.457724','12','Yoga Online','[{"changed": {"fields": ["T\u00edtulo", "Hora desde", "Hora hasta", "Dias"]}}]',7,1,2);
INSERT INTO "django_admin_log" VALUES(273,'2021-07-02 00:30:12.991556','1','Yoga en el jardín','[{"changed": {"fields": ["Hora desde", "Hora hasta", "Dias"]}}]',7,1,2);
INSERT INTO "django_admin_log" VALUES(274,'2021-07-02 00:30:29.312796','11','Actualidad Israeli','[{"changed": {"fields": ["Hora desde", "Hora hasta", "Dias", "Cupo"]}}]',7,1,2);
INSERT INTO "django_admin_log" VALUES(275,'2021-07-02 00:30:52.583669','5','Espacio de Coworking','[{"changed": {"fields": ["Hora desde", "Hora hasta", "Dias"]}}]',7,1,2);
INSERT INTO "django_admin_log" VALUES(276,'2021-07-02 00:41:54.447790','8','Krav Maga','[{"changed": {"fields": ["Hora desde", "Hora hasta"]}}]',7,1,2);
INSERT INTO "django_admin_log" VALUES(277,'2021-07-02 00:44:59.841436','5','Espacio de Coworking','',7,1,3);
INSERT INTO "django_admin_log" VALUES(278,'2021-07-02 00:44:59.922843','5','Espacio de Coworking','',7,1,3);
INSERT INTO "django_admin_log" VALUES(279,'2021-07-02 00:45:00.016647','5','Espacio de Coworking','',7,1,3);
INSERT INTO "django_admin_log" VALUES(280,'2021-07-02 00:45:00.088837','5','Espacio de Coworking','',7,1,3);
INSERT INTO "django_admin_log" VALUES(281,'2021-07-02 00:45:00.138733','5','Espacio de Coworking','',7,1,3);
INSERT INTO "django_admin_log" VALUES(282,'2021-07-02 00:52:38.209674','13','Espacio de Coworking','[{"added": {}}]',7,1,1);
INSERT INTO "django_admin_log" VALUES(283,'2021-07-02 00:52:55.141713','13','Espacio de Coworking','[{"changed": {"fields": ["Hora desde", "Hora hasta", "Online", "Nuevo", "Suspendida"]}}]',7,1,2);
INSERT INTO "django_admin_log" VALUES(284,'2021-07-02 00:53:01.351909','13','Espacio de Coworking','[{"changed": {"fields": ["Descripci\u00f3n"]}}]',7,1,2);
INSERT INTO "django_admin_log" VALUES(285,'2021-07-02 00:53:14.692895','13','Espacio de Coworking','[{"changed": {"fields": ["Flyer"]}}]',7,1,2);
INSERT INTO "django_admin_log" VALUES(286,'2021-07-02 00:53:23.363326','13','Espacio de Coworking','[{"changed": {"fields": ["Dias"]}}]',7,1,2);
INSERT INTO "django_admin_log" VALUES(287,'2021-07-02 00:53:54.542438','13','Espacio de Coworking','[{"changed": {"fields": ["Dias"]}}]',7,1,2);
INSERT INTO "django_admin_log" VALUES(288,'2021-07-02 00:54:02.125857','13','Espacio de Coworking','[{"changed": {"fields": ["Dias"]}}]',7,1,2);
INSERT INTO "django_admin_log" VALUES(289,'2021-07-02 00:58:16.239914','13','Espacio de Coworking','[{"changed": {"fields": ["Dia"]}}]',7,1,2);
INSERT INTO "django_admin_log" VALUES(290,'2021-07-02 00:58:34.771633','12','Yoga Online','[{"changed": {"fields": ["Dia"]}}]',7,1,2);
INSERT INTO "django_admin_log" VALUES(291,'2021-07-02 00:59:29.362888','11','Actualidad Israeli','[{"changed": {"fields": ["Dia"]}}]',7,1,2);
INSERT INTO "django_admin_log" VALUES(292,'2021-07-02 00:59:38.227792','10','Speaking Club','[{"changed": {"fields": ["Dia"]}}]',7,1,2);
INSERT INTO "django_admin_log" VALUES(293,'2021-07-02 00:59:44.189849','9','Mosaiquismo y Vitrofusión','[{"changed": {"fields": ["Dia"]}}]',7,1,2);
INSERT INTO "django_admin_log" VALUES(294,'2021-07-02 00:59:49.034737','8','Krav Maga','[{"changed": {"fields": ["Dia"]}}]',7,1,2);
INSERT INTO "django_admin_log" VALUES(295,'2021-07-02 00:59:55.691972','2','Entrenamiento Funcional','[{"changed": {"fields": ["Dia"]}}]',7,1,2);
INSERT INTO "django_admin_log" VALUES(296,'2021-07-02 01:00:00.085308','1','Yoga en el jardín','[{"changed": {"fields": ["Dia"]}}]',7,1,2);
INSERT INTO "django_admin_log" VALUES(297,'2021-07-02 01:00:04.346237','13','Espacio de Coworking','[]',7,1,2);
INSERT INTO "django_admin_log" VALUES(298,'2021-07-02 01:00:08.854869','11','Actualidad Israeli','[]',7,1,2);
INSERT INTO "django_admin_log" VALUES(299,'2021-07-02 01:00:14.858528','9','Mosaiquismo y Vitrofusión','[]',7,1,2);
INSERT INTO "django_admin_log" VALUES(300,'2021-07-02 01:15:52.657828','8','Membresía de Coworking','[{"added": {}}]',14,1,1);
INSERT INTO "django_admin_log" VALUES(301,'2021-07-02 01:16:04.704017','8','Membresías de Coworking','[{"changed": {"fields": ["D\u00eda"]}}]',14,1,2);
INSERT INTO "django_admin_log" VALUES(302,'2021-07-02 01:17:09.552987','13','Coworking - 2 días','[{"changed": {"fields": ["T\u00edtulo", "Dia"]}}]',7,1,2);
INSERT INTO "django_admin_log" VALUES(303,'2021-07-02 01:17:25.358960','13','Coworking - 2 días','[]',7,1,2);
INSERT INTO "django_admin_log" VALUES(304,'2021-07-02 01:18:22.729206','14','Coworking - 3 días','[{"added": {}}]',7,1,1);
INSERT INTO "django_admin_log" VALUES(305,'2021-07-02 01:18:43.679667','14','Coworking - 3 días','[{"changed": {"fields": ["Flyer", "Cupo", "Online", "Nuevo", "Suspendida"]}}]',7,1,2);
INSERT INTO "django_admin_log" VALUES(306,'2021-07-02 01:18:51.449388','14','Coworking - 3 días','[{"changed": {"fields": ["Hora desde", "Hora hasta"]}}]',7,1,2);
INSERT INTO "django_admin_log" VALUES(307,'2021-07-02 01:39:22.892498','2','Entrenamiento Funcional','[{"changed": {"fields": ["Cupo"]}}]',7,1,2);
INSERT INTO "django_admin_log" VALUES(308,'2021-07-02 02:06:35.017538','13','Coworking - 2 días','[{"changed": {"fields": ["Cupo"]}}]',7,1,2);
INSERT INTO "django_admin_log" VALUES(309,'2021-07-02 02:07:01.551989','12','Yoga Online','[{"changed": {"fields": ["Cupo"]}}]',7,1,2);
INSERT INTO "django_admin_log" VALUES(310,'2021-07-03 03:24:39.627847','1','Entrenamiento Funcional 2021-07-03 03:24:39.618852','[{"added": {}}]',17,1,1);
INSERT INTO "django_admin_log" VALUES(311,'2021-07-03 21:33:35.400287','2','Yoga en el jardín 2021-07-03 21:33:35.369309','[{"added": {}}]',17,1,1);
INSERT INTO "django_admin_log" VALUES(312,'2021-07-04 03:13:49.911492','3','Speaking Club 2021-07-04 02:50:30.529056','[{"changed": {"fields": ["Asistencias"]}}]',17,1,2);
INSERT INTO "django_admin_log" VALUES(313,'2021-07-04 03:16:54.852367','3','Speaking Club 2021-07-04 02:50:30.529056','[{"changed": {"fields": ["Asistencias"]}}]',17,1,2);
CREATE UNIQUE INDEX "auth_group_permissions_group_id_permission_id_0cd325b0_uniq" ON "auth_group_permissions" ("group_id", "permission_id");
CREATE INDEX IF NOT EXISTS "auth_group_permissions_group_id_b120cbf9" ON "auth_group_permissions" ("group_id");
CREATE INDEX IF NOT EXISTS "auth_group_permissions_permission_id_84c5c92e" ON "auth_group_permissions" ("permission_id");
CREATE UNIQUE INDEX "auth_user_groups_user_id_group_id_94350c0c_uniq" ON "auth_user_groups" ("user_id", "group_id");
CREATE INDEX IF NOT EXISTS "auth_user_groups_user_id_6a12ed8b" ON "auth_user_groups" ("user_id");
CREATE INDEX IF NOT EXISTS "auth_user_groups_group_id_97559544" ON "auth_user_groups" ("group_id");
CREATE UNIQUE INDEX "auth_user_user_permissions_user_id_permission_id_14a6b632_uniq" ON "auth_user_user_permissions" ("user_id", "permission_id");
CREATE INDEX IF NOT EXISTS "auth_user_user_permissions_user_id_a95ead1b" ON "auth_user_user_permissions" ("user_id");
CREATE INDEX IF NOT EXISTS "auth_user_user_permissions_permission_id_1fbb5f2c" ON "auth_user_user_permissions" ("permission_id");
CREATE INDEX IF NOT EXISTS "django_admin_log_content_type_id_c4bce8eb" ON "django_admin_log" ("content_type_id");
CREATE INDEX IF NOT EXISTS "django_admin_log_user_id_c564eba6" ON "django_admin_log" ("user_id");
CREATE UNIQUE INDEX "django_content_type_app_label_model_76bd3d3b_uniq" ON "django_content_type" ("app_label", "model");
CREATE UNIQUE INDEX "auth_permission_content_type_id_codename_01ab375a_uniq" ON "auth_permission" ("content_type_id", "codename");
CREATE INDEX IF NOT EXISTS "auth_permission_content_type_id_2f476e4b" ON "auth_permission" ("content_type_id");
CREATE INDEX IF NOT EXISTS "django_session_expire_date_a5c62663" ON "django_session" ("expire_date");
CREATE INDEX IF NOT EXISTS "messenger_message_user_id_44204cf3" ON "messenger_message" ("user_id");
CREATE UNIQUE INDEX "messenger_thread_messages_thread_id_message_id_bb58b3ca_uniq" ON "messenger_thread_messages" ("thread_id", "message_id");
CREATE INDEX IF NOT EXISTS "messenger_thread_messages_thread_id_a70e3887" ON "messenger_thread_messages" ("thread_id");
CREATE INDEX IF NOT EXISTS "messenger_thread_messages_message_id_e4d4b7af" ON "messenger_thread_messages" ("message_id");
CREATE UNIQUE INDEX "messenger_thread_users_thread_id_user_id_d8023aff_uniq" ON "messenger_thread_users" ("thread_id", "user_id");
CREATE INDEX IF NOT EXISTS "messenger_thread_users_thread_id_8c4fd4f2" ON "messenger_thread_users" ("thread_id");
CREATE INDEX IF NOT EXISTS "messenger_thread_users_user_id_008b18f6" ON "messenger_thread_users" ("user_id");
CREATE UNIQUE INDEX "pages_page_categories_page_id_category_id_d447e277_uniq" ON "pages_page_categories" ("page_id", "category_id");
CREATE INDEX IF NOT EXISTS "pages_page_categories_page_id_969a5738" ON "pages_page_categories" ("page_id");
CREATE INDEX IF NOT EXISTS "pages_page_categories_category_id_8ce9a4bd" ON "pages_page_categories" ("category_id");
CREATE UNIQUE INDEX "registration_profile_categories_profile_id_category_id_9cb0cd57_uniq" ON "registration_profile_categories" ("profile_id", "category_id");
CREATE INDEX IF NOT EXISTS "registration_profile_categories_profile_id_22c51686" ON "registration_profile_categories" ("profile_id");
CREATE INDEX IF NOT EXISTS "registration_profile_categories_category_id_383a9cd3" ON "registration_profile_categories" ("category_id");
CREATE INDEX IF NOT EXISTS "registration_profile_provincia_id_c6712ebe" ON "registration_profile" ("provincia_id");
CREATE UNIQUE INDEX "pages_subscription_pages_subscription_id_page_id_f255c3ff_uniq" ON "pages_subscription_pages" ("subscription_id", "page_id");
CREATE INDEX IF NOT EXISTS "pages_subscription_pages_subscription_id_2c5b6b19" ON "pages_subscription_pages" ("subscription_id");
CREATE INDEX IF NOT EXISTS "pages_subscription_pages_page_id_14b085a2" ON "pages_subscription_pages" ("page_id");
CREATE INDEX IF NOT EXISTS "pages_page_dia_id_254dbe88" ON "pages_page" ("dia_id");
CREATE INDEX IF NOT EXISTS "pages_historial_page_id_55e4e036" ON "pages_historial" ("page_id");
CREATE UNIQUE INDEX "pages_historial_anotados_historial_id_user_id_37a6c63e_uniq" ON "pages_historial_anotados" ("historial_id", "user_id");
CREATE INDEX IF NOT EXISTS "pages_historial_anotados_historial_id_98960092" ON "pages_historial_anotados" ("historial_id");
CREATE INDEX IF NOT EXISTS "pages_historial_anotados_user_id_d557c3cf" ON "pages_historial_anotados" ("user_id");
CREATE UNIQUE INDEX "pages_historial_asistencias_historial_id_user_id_c0f61da1_uniq" ON "pages_historial_asistencias" ("historial_id", "user_id");
CREATE INDEX IF NOT EXISTS "pages_historial_asistencias_historial_id_029f2653" ON "pages_historial_asistencias" ("historial_id");
CREATE INDEX IF NOT EXISTS "pages_historial_asistencias_user_id_d807424c" ON "pages_historial_asistencias" ("user_id");
CREATE TABLE IF NOT EXISTS "django_content_type" ("id" integer NOT NULL PRIMARY KEY AUTOINCREMENT, "app_label" varchar(100) NOT NULL, "model" varchar(100) NOT NULL);
INSERT INTO "django_content_type" VALUES(1,'admin','logentry');
INSERT INTO "django_content_type" VALUES(2,'auth','permission');
INSERT INTO "django_content_type" VALUES(3,'auth','group');
INSERT INTO "django_content_type" VALUES(4,'auth','user');
INSERT INTO "django_content_type" VALUES(5,'contenttypes','contenttype');
INSERT INTO "django_content_type" VALUES(6,'sessions','session');
INSERT INTO "django_content_type" VALUES(7,'pages','page');
INSERT INTO "django_content_type" VALUES(8,'registration','profile');
INSERT INTO "django_content_type" VALUES(9,'messenger','thread');
INSERT INTO "django_content_type" VALUES(10,'messenger','message');
INSERT INTO "django_content_type" VALUES(11,'pages','pageslog');
INSERT INTO "django_content_type" VALUES(12,'pages','subscription');
INSERT INTO "django_content_type" VALUES(13,'social','link');
INSERT INTO "django_content_type" VALUES(14,'pages','day');
INSERT INTO "django_content_type" VALUES(15,'pages','category');
INSERT INTO "django_content_type" VALUES(16,'registration','provincia');
INSERT INTO "django_content_type" VALUES(17,'pages','historial');
INSERT INTO "django_content_type" VALUES(18,'records','record');
CREATE UNIQUE INDEX "auth_group_permissions_group_id_permission_id_0cd325b0_uniq" ON "auth_group_permissions" ("group_id", "permission_id");
CREATE INDEX IF NOT EXISTS "auth_group_permissions_group_id_b120cbf9" ON "auth_group_permissions" ("group_id");
CREATE INDEX IF NOT EXISTS "auth_group_permissions_permission_id_84c5c92e" ON "auth_group_permissions" ("permission_id");
CREATE UNIQUE INDEX "auth_user_groups_user_id_group_id_94350c0c_uniq" ON "auth_user_groups" ("user_id", "group_id");
CREATE INDEX IF NOT EXISTS "auth_user_groups_user_id_6a12ed8b" ON "auth_user_groups" ("user_id");
CREATE INDEX IF NOT EXISTS "auth_user_groups_group_id_97559544" ON "auth_user_groups" ("group_id");
CREATE UNIQUE INDEX "auth_user_user_permissions_user_id_permission_id_14a6b632_uniq" ON "auth_user_user_permissions" ("user_id", "permission_id");
CREATE INDEX IF NOT EXISTS "auth_user_user_permissions_user_id_a95ead1b" ON "auth_user_user_permissions" ("user_id");
CREATE INDEX IF NOT EXISTS "auth_user_user_permissions_permission_id_1fbb5f2c" ON "auth_user_user_permissions" ("permission_id");
CREATE INDEX IF NOT EXISTS "django_admin_log_content_type_id_c4bce8eb" ON "django_admin_log" ("content_type_id");
CREATE INDEX IF NOT EXISTS "django_admin_log_user_id_c564eba6" ON "django_admin_log" ("user_id");
CREATE UNIQUE INDEX "django_content_type_app_label_model_76bd3d3b_uniq" ON "django_content_type" ("app_label", "model");
CREATE UNIQUE INDEX "auth_permission_content_type_id_codename_01ab375a_uniq" ON "auth_permission" ("content_type_id", "codename");
CREATE INDEX IF NOT EXISTS "auth_permission_content_type_id_2f476e4b" ON "auth_permission" ("content_type_id");
CREATE INDEX IF NOT EXISTS "django_session_expire_date_a5c62663" ON "django_session" ("expire_date");
CREATE INDEX IF NOT EXISTS "messenger_message_user_id_44204cf3" ON "messenger_message" ("user_id");
CREATE UNIQUE INDEX "messenger_thread_messages_thread_id_message_id_bb58b3ca_uniq" ON "messenger_thread_messages" ("thread_id", "message_id");
CREATE INDEX IF NOT EXISTS "messenger_thread_messages_thread_id_a70e3887" ON "messenger_thread_messages" ("thread_id");
CREATE INDEX IF NOT EXISTS "messenger_thread_messages_message_id_e4d4b7af" ON "messenger_thread_messages" ("message_id");
CREATE UNIQUE INDEX "messenger_thread_users_thread_id_user_id_d8023aff_uniq" ON "messenger_thread_users" ("thread_id", "user_id");
CREATE INDEX IF NOT EXISTS "messenger_thread_users_thread_id_8c4fd4f2" ON "messenger_thread_users" ("thread_id");
CREATE INDEX IF NOT EXISTS "messenger_thread_users_user_id_008b18f6" ON "messenger_thread_users" ("user_id");
CREATE UNIQUE INDEX "pages_page_categories_page_id_category_id_d447e277_uniq" ON "pages_page_categories" ("page_id", "category_id");
CREATE INDEX IF NOT EXISTS "pages_page_categories_page_id_969a5738" ON "pages_page_categories" ("page_id");
CREATE INDEX IF NOT EXISTS "pages_page_categories_category_id_8ce9a4bd" ON "pages_page_categories" ("category_id");
CREATE UNIQUE INDEX "registration_profile_categories_profile_id_category_id_9cb0cd57_uniq" ON "registration_profile_categories" ("profile_id", "category_id");
CREATE INDEX IF NOT EXISTS "registration_profile_categories_profile_id_22c51686" ON "registration_profile_categories" ("profile_id");
CREATE INDEX IF NOT EXISTS "registration_profile_categories_category_id_383a9cd3" ON "registration_profile_categories" ("category_id");
CREATE INDEX IF NOT EXISTS "registration_profile_provincia_id_c6712ebe" ON "registration_profile" ("provincia_id");
CREATE UNIQUE INDEX "pages_subscription_pages_subscription_id_page_id_f255c3ff_uniq" ON "pages_subscription_pages" ("subscription_id", "page_id");
CREATE INDEX IF NOT EXISTS "pages_subscription_pages_subscription_id_2c5b6b19" ON "pages_subscription_pages" ("subscription_id");
CREATE INDEX IF NOT EXISTS "pages_subscription_pages_page_id_14b085a2" ON "pages_subscription_pages" ("page_id");
CREATE INDEX IF NOT EXISTS "pages_page_dia_id_254dbe88" ON "pages_page" ("dia_id");
CREATE INDEX IF NOT EXISTS "pages_historial_page_id_55e4e036" ON "pages_historial" ("page_id");
CREATE UNIQUE INDEX "pages_historial_anotados_historial_id_user_id_37a6c63e_uniq" ON "pages_historial_anotados" ("historial_id", "user_id");
CREATE INDEX IF NOT EXISTS "pages_historial_anotados_historial_id_98960092" ON "pages_historial_anotados" ("historial_id");
CREATE INDEX IF NOT EXISTS "pages_historial_anotados_user_id_d557c3cf" ON "pages_historial_anotados" ("user_id");
CREATE UNIQUE INDEX "pages_historial_asistencias_historial_id_user_id_c0f61da1_uniq" ON "pages_historial_asistencias" ("historial_id", "user_id");
CREATE INDEX IF NOT EXISTS "pages_historial_asistencias_historial_id_029f2653" ON "pages_historial_asistencias" ("historial_id");
CREATE INDEX IF NOT EXISTS "pages_historial_asistencias_user_id_d807424c" ON "pages_historial_asistencias" ("user_id");
CREATE TABLE IF NOT EXISTS "django_migrations" ("id" integer NOT NULL PRIMARY KEY AUTOINCREMENT, "app" varchar(255) NOT NULL, "name" varchar(255) NOT NULL, "applied" datetime NOT NULL);
INSERT INTO "django_migrations" VALUES(1,'contenttypes','0001_initial','2021-04-04 18:36:12.751705');
INSERT INTO "django_migrations" VALUES(2,'auth','0001_initial','2021-04-04 18:36:12.828656');
INSERT INTO "django_migrations" VALUES(3,'admin','0001_initial','2021-04-04 18:36:12.944946');
INSERT INTO "django_migrations" VALUES(4,'admin','0002_logentry_remove_auto_add','2021-04-04 18:36:13.010906');
INSERT INTO "django_migrations" VALUES(5,'admin','0003_logentry_add_action_flag_choices','2021-04-04 18:36:13.066154');
INSERT INTO "django_migrations" VALUES(6,'contenttypes','0002_remove_content_type_name','2021-04-04 18:36:13.133110');
INSERT INTO "django_migrations" VALUES(7,'auth','0002_alter_permission_name_max_length','2021-04-04 18:36:13.189466');
INSERT INTO "django_migrations" VALUES(8,'auth','0003_alter_user_email_max_length','2021-04-04 18:36:13.257424');
INSERT INTO "django_migrations" VALUES(9,'auth','0004_alter_user_username_opts','2021-04-04 18:36:13.316386');
INSERT INTO "django_migrations" VALUES(10,'auth','0005_alter_user_last_login_null','2021-04-04 18:36:13.370354');
INSERT INTO "django_migrations" VALUES(11,'auth','0006_require_contenttypes_0002','2021-04-04 18:36:13.409705');
INSERT INTO "django_migrations" VALUES(12,'auth','0007_alter_validators_add_error_messages','2021-04-04 18:36:13.479673');
INSERT INTO "django_migrations" VALUES(13,'auth','0008_alter_user_username_max_length','2021-04-04 18:36:13.536602');
INSERT INTO "django_migrations" VALUES(14,'auth','0009_alter_user_last_name_max_length','2021-04-04 18:36:13.590723');
INSERT INTO "django_migrations" VALUES(15,'auth','0010_alter_group_name_max_length','2021-04-04 18:36:13.651621');
INSERT INTO "django_migrations" VALUES(16,'auth','0011_update_proxy_permissions','2021-04-04 18:36:13.704589');
INSERT INTO "django_migrations" VALUES(17,'auth','0012_alter_user_first_name_max_length','2021-04-04 18:36:13.762554');
INSERT INTO "django_migrations" VALUES(18,'sessions','0001_initial','2021-04-04 18:36:13.807166');
INSERT INTO "django_migrations" VALUES(19,'pages','0001_initial','2021-04-04 19:35:55.706830');
INSERT INTO "django_migrations" VALUES(20,'registration','0001_initial','2021-04-08 14:08:31.415136');
INSERT INTO "django_migrations" VALUES(21,'messenger','0001_initial','2021-04-09 20:43:49.723704');
INSERT INTO "django_migrations" VALUES(22,'messenger','0002_auto_20210409_1959','2021-04-09 22:59:32.273618');
INSERT INTO "django_migrations" VALUES(23,'registration','0002_auto_20210409_1959','2021-04-09 22:59:32.345685');
INSERT INTO "django_migrations" VALUES(24,'messenger','0003_auto_20210410_2033','2021-04-10 23:33:33.735364');
INSERT INTO "django_migrations" VALUES(25,'messenger','0004_auto_20210410_2049','2021-04-10 23:49:45.684166');
INSERT INTO "django_migrations" VALUES(26,'registration','0003_auto_20210619_1756','2021-06-19 20:56:39.559106');
INSERT INTO "django_migrations" VALUES(27,'registration','0004_auto_20210619_1854','2021-06-19 21:55:01.194710');
INSERT INTO "django_migrations" VALUES(28,'pages','0002_auto_20210620_1538','2021-06-20 18:38:38.684676');
INSERT INTO "django_migrations" VALUES(29,'pages','0003_auto_20210621_1443','2021-06-21 17:43:25.249918');
INSERT INTO "django_migrations" VALUES(30,'pages','0004_auto_20210621_1445','2021-06-21 17:45:46.776457');
INSERT INTO "django_migrations" VALUES(31,'pages','0005_auto_20210621_1848','2021-06-21 21:48:52.378960');
INSERT INTO "django_migrations" VALUES(32,'pages','0006_auto_20210621_1854','2021-06-21 21:54:17.434479');
INSERT INTO "django_migrations" VALUES(33,'pages','0007_auto_20210621_2043','2021-06-21 23:43:56.475770');
INSERT INTO "django_migrations" VALUES(34,'pages','0008_auto_20210621_2348','2021-06-22 02:48:26.050005');
INSERT INTO "django_migrations" VALUES(35,'pages','0009_auto_20210621_2356','2021-06-22 02:56:06.870340');
INSERT INTO "django_migrations" VALUES(36,'pages','0010_auto_20210622_0028','2021-06-22 03:29:03.477137');
INSERT INTO "django_migrations" VALUES(37,'pages','0011_auto_20210623_2235','2021-06-24 01:35:54.911767');
INSERT INTO "django_migrations" VALUES(38,'pages','0012_auto_20210626_0126','2021-06-26 04:26:41.707297');
INSERT INTO "django_migrations" VALUES(39,'social','0001_initial','2021-06-28 04:01:11.772720');
INSERT INTO "django_migrations" VALUES(40,'social','0002_auto_20210403_1655','2021-06-28 04:01:12.183377');
INSERT INTO "django_migrations" VALUES(41,'social','0003_auto_20210628_0101','2021-06-28 04:01:12.402758');
INSERT INTO "django_migrations" VALUES(42,'pages','0013_day','2021-06-28 04:26:49.480164');
INSERT INTO "django_migrations" VALUES(43,'social','0004_auto_20210628_0126','2021-06-28 04:26:49.609337');
INSERT INTO "django_migrations" VALUES(44,'pages','0014_auto_20210628_0207','2021-06-28 05:07:20.085620');
INSERT INTO "django_migrations" VALUES(45,'pages','0015_auto_20210628_1128','2021-06-28 14:28:58.872815');
INSERT INTO "django_migrations" VALUES(46,'pages','0016_auto_20210628_1213','2021-06-28 15:13:39.331997');
INSERT INTO "django_migrations" VALUES(47,'pages','0017_auto_20210628_1251','2021-06-28 15:51:48.089962');
INSERT INTO "django_migrations" VALUES(48,'registration','0005_auto_20210628_1251','2021-06-28 15:51:48.212238');
INSERT INTO "django_migrations" VALUES(49,'registration','0006_auto_20210628_1255','2021-06-28 15:55:54.586118');
INSERT INTO "django_migrations" VALUES(50,'registration','0007_auto_20210628_1542','2021-06-28 18:42:41.703123');
INSERT INTO "django_migrations" VALUES(51,'registration','0008_auto_20210628_1546','2021-06-28 19:02:11.913984');
INSERT INTO "django_migrations" VALUES(52,'registration','0009_auto_20210628_1554','2021-06-28 19:02:12.016089');
INSERT INTO "django_migrations" VALUES(53,'registration','0010_auto_20210628_1557','2021-06-28 19:02:12.118946');
INSERT INTO "django_migrations" VALUES(54,'registration','0011_auto_20210628_1615','2021-06-28 19:15:51.208501');
INSERT INTO "django_migrations" VALUES(55,'registration','0012_auto_20210628_1616','2021-06-28 19:16:17.427139');
INSERT INTO "django_migrations" VALUES(56,'registration','0013_remove_profile_provinciaold','2021-06-28 19:16:54.565774');
INSERT INTO "django_migrations" VALUES(57,'pages','0018_page_flyer','2021-06-29 04:27:36.164237');
INSERT INTO "django_migrations" VALUES(58,'pages','0019_auto_20210629_0148','2021-06-29 04:48:45.841059');
INSERT INTO "django_migrations" VALUES(59,'pages','0020_auto_20210629_0149','2021-06-29 04:49:31.922329');
INSERT INTO "django_migrations" VALUES(60,'pages','0021_page_nuevo','2021-06-29 04:59:00.658327');
INSERT INTO "django_migrations" VALUES(61,'pages','0022_auto_20210629_1204','2021-06-29 15:05:14.522087');
INSERT INTO "django_migrations" VALUES(62,'registration','0014_profile_validado','2021-06-30 03:07:32.798989');
INSERT INTO "django_migrations" VALUES(63,'pages','0023_auto_20210701_2115','2021-07-01 21:15:07.400301');
INSERT INTO "django_migrations" VALUES(64,'pages','0024_page_dia','2021-07-01 23:49:25.184355');
INSERT INTO "django_migrations" VALUES(65,'pages','0025_auto_20210701_2357','2021-07-01 23:57:45.207049');
INSERT INTO "django_migrations" VALUES(66,'pages','0026_auto_20210702_0021','2021-07-02 00:21:53.869417');
INSERT INTO "django_migrations" VALUES(67,'pages','0027_auto_20210702_0048','2021-07-02 00:48:44.947988');
INSERT INTO "django_migrations" VALUES(68,'pages','0028_auto_20210702_0056','2021-07-02 00:56:05.976054');
INSERT INTO "django_migrations" VALUES(69,'pages','0029_auto_20210702_0059','2021-07-02 00:59:23.338943');
INSERT INTO "django_migrations" VALUES(70,'pages','0030_auto_20210702_0123','2021-07-02 01:23:08.011089');
INSERT INTO "django_migrations" VALUES(71,'pages','0031_auto_20210703_0251','2021-07-03 02:52:14.013505');
INSERT INTO "django_migrations" VALUES(72,'pages','0032_auto_20210703_0254','2021-07-03 02:54:15.795355');
INSERT INTO "django_migrations" VALUES(73,'pages','0033_auto_20210703_0316','2021-07-03 03:16:13.269544');
INSERT INTO "django_migrations" VALUES(74,'pages','0034_remove_historial_anotados','2021-07-04 02:28:35.424618');
INSERT INTO "django_migrations" VALUES(75,'pages','0035_historial_anotados','2021-07-04 02:57:53.665935');
INSERT INTO "django_migrations" VALUES(76,'pages','0036_auto_20210704_0313','2021-07-04 03:13:44.734273');
INSERT INTO "django_migrations" VALUES(77,'records','0001_initial','2021-07-04 23:04:02.060636');
CREATE UNIQUE INDEX "auth_group_permissions_group_id_permission_id_0cd325b0_uniq" ON "auth_group_permissions" ("group_id", "permission_id");
CREATE INDEX IF NOT EXISTS "auth_group_permissions_group_id_b120cbf9" ON "auth_group_permissions" ("group_id");
CREATE INDEX IF NOT EXISTS "auth_group_permissions_permission_id_84c5c92e" ON "auth_group_permissions" ("permission_id");
CREATE UNIQUE INDEX "auth_user_groups_user_id_group_id_94350c0c_uniq" ON "auth_user_groups" ("user_id", "group_id");
CREATE INDEX IF NOT EXISTS "auth_user_groups_user_id_6a12ed8b" ON "auth_user_groups" ("user_id");
CREATE INDEX IF NOT EXISTS "auth_user_groups_group_id_97559544" ON "auth_user_groups" ("group_id");
CREATE UNIQUE INDEX "auth_user_user_permissions_user_id_permission_id_14a6b632_uniq" ON "auth_user_user_permissions" ("user_id", "permission_id");
CREATE INDEX IF NOT EXISTS "auth_user_user_permissions_user_id_a95ead1b" ON "auth_user_user_permissions" ("user_id");
CREATE INDEX IF NOT EXISTS "auth_user_user_permissions_permission_id_1fbb5f2c" ON "auth_user_user_permissions" ("permission_id");
CREATE INDEX IF NOT EXISTS "django_admin_log_content_type_id_c4bce8eb" ON "django_admin_log" ("content_type_id");
CREATE INDEX IF NOT EXISTS "django_admin_log_user_id_c564eba6" ON "django_admin_log" ("user_id");
CREATE UNIQUE INDEX "django_content_type_app_label_model_76bd3d3b_uniq" ON "django_content_type" ("app_label", "model");
CREATE UNIQUE INDEX "auth_permission_content_type_id_codename_01ab375a_uniq" ON "auth_permission" ("content_type_id", "codename");
CREATE INDEX IF NOT EXISTS "auth_permission_content_type_id_2f476e4b" ON "auth_permission" ("content_type_id");
CREATE INDEX IF NOT EXISTS "django_session_expire_date_a5c62663" ON "django_session" ("expire_date");
CREATE INDEX IF NOT EXISTS "messenger_message_user_id_44204cf3" ON "messenger_message" ("user_id");
CREATE UNIQUE INDEX "messenger_thread_messages_thread_id_message_id_bb58b3ca_uniq" ON "messenger_thread_messages" ("thread_id", "message_id");
CREATE INDEX IF NOT EXISTS "messenger_thread_messages_thread_id_a70e3887" ON "messenger_thread_messages" ("thread_id");
CREATE INDEX IF NOT EXISTS "messenger_thread_messages_message_id_e4d4b7af" ON "messenger_thread_messages" ("message_id");
CREATE UNIQUE INDEX "messenger_thread_users_thread_id_user_id_d8023aff_uniq" ON "messenger_thread_users" ("thread_id", "user_id");
CREATE INDEX IF NOT EXISTS "messenger_thread_users_thread_id_8c4fd4f2" ON "messenger_thread_users" ("thread_id");
CREATE INDEX IF NOT EXISTS "messenger_thread_users_user_id_008b18f6" ON "messenger_thread_users" ("user_id");
CREATE UNIQUE INDEX "pages_page_categories_page_id_category_id_d447e277_uniq" ON "pages_page_categories" ("page_id", "category_id");
CREATE INDEX IF NOT EXISTS "pages_page_categories_page_id_969a5738" ON "pages_page_categories" ("page_id");
CREATE INDEX IF NOT EXISTS "pages_page_categories_category_id_8ce9a4bd" ON "pages_page_categories" ("category_id");
CREATE UNIQUE INDEX "registration_profile_categories_profile_id_category_id_9cb0cd57_uniq" ON "registration_profile_categories" ("profile_id", "category_id");
CREATE INDEX IF NOT EXISTS "registration_profile_categories_profile_id_22c51686" ON "registration_profile_categories" ("profile_id");
CREATE INDEX IF NOT EXISTS "registration_profile_categories_category_id_383a9cd3" ON "registration_profile_categories" ("category_id");
CREATE INDEX IF NOT EXISTS "registration_profile_provincia_id_c6712ebe" ON "registration_profile" ("provincia_id");
CREATE UNIQUE INDEX "pages_subscription_pages_subscription_id_page_id_f255c3ff_uniq" ON "pages_subscription_pages" ("subscription_id", "page_id");
CREATE INDEX IF NOT EXISTS "pages_subscription_pages_subscription_id_2c5b6b19" ON "pages_subscription_pages" ("subscription_id");
CREATE INDEX IF NOT EXISTS "pages_subscription_pages_page_id_14b085a2" ON "pages_subscription_pages" ("page_id");
CREATE INDEX IF NOT EXISTS "pages_page_dia_id_254dbe88" ON "pages_page" ("dia_id");
CREATE INDEX IF NOT EXISTS "pages_historial_page_id_55e4e036" ON "pages_historial" ("page_id");
CREATE UNIQUE INDEX "pages_historial_anotados_historial_id_user_id_37a6c63e_uniq" ON "pages_historial_anotados" ("historial_id", "user_id");
CREATE INDEX IF NOT EXISTS "pages_historial_anotados_historial_id_98960092" ON "pages_historial_anotados" ("historial_id");
CREATE INDEX IF NOT EXISTS "pages_historial_anotados_user_id_d557c3cf" ON "pages_historial_anotados" ("user_id");
CREATE UNIQUE INDEX "pages_historial_asistencias_historial_id_user_id_c0f61da1_uniq" ON "pages_historial_asistencias" ("historial_id", "user_id");
CREATE INDEX IF NOT EXISTS "pages_historial_asistencias_historial_id_029f2653" ON "pages_historial_asistencias" ("historial_id");
CREATE INDEX IF NOT EXISTS "pages_historial_asistencias_user_id_d807424c" ON "pages_historial_asistencias" ("user_id");
CREATE TABLE IF NOT EXISTS "django_session" ("session_key" varchar(40) NOT NULL PRIMARY KEY, "session_data" text NOT NULL, "expire_date" datetime NOT NULL);
INSERT INTO "django_session" VALUES('6uljcn07pcvzbl3hf6u4ykr8y1rtvba5','.eJxVjDsOwjAQBe_iGllO_Kekzxms9XqNA8iR4qRC3B1HSgHtzLz3ZgH2rYS90RrmxK5sYJdfFgGfVA-RHlDvC8elbusc-ZHw0zY-LYlet7P9OyjQSl9rJ7T0YgRC9E5agyiNt1pJTSJ6sso4sj4mUFG6DmLOSXUOOJosBvb5As3uN_M:1lVG7h:PMgl5o-W22uauYr8X3-M6oZSUIEI-Y0Eb_lDg7MGuEs','2021-04-24 16:06:13.975599');
INSERT INTO "django_session" VALUES('fgvqni43ahwihdmkr2ftzh41pnnq2vnr','.eJxVjDsOwjAQBe_iGllO_Kekzxms9XqNA8iR4qRC3B1HSgHtzLz3ZgH2rYS90RrmxK5sYJdfFgGfVA-RHlDvC8elbusc-ZHw0zY-LYlet7P9OyjQSl9rJ7T0YgRC9E5agyiNt1pJTSJ6sso4sj4mUFG6DmLOSXUOOJosBvb5As3uN_M:1lfqgp:Ez9sCvveM3zLvPpOJb9g1NopUXn7bPKKUF_IRnWt7fs','2021-05-23 21:10:15.867924');
INSERT INTO "django_session" VALUES('8bqljfvyaocddb5akehd9gebdrqg6n01','.eJxVjDsOwjAQBe_iGllO_Kekzxms9XqNA8iR4qRC3B1HSgHtzLz3ZgH2rYS90RrmxK5sYJdfFgGfVA-RHlDvC8elbusc-ZHw0zY-LYlet7P9OyjQSl9rJ7T0YgRC9E5agyiNt1pJTSJ6sso4sj4mUFG6DmLOSXUOOJosBvb5As3uN_M:1m0DxV:40-HYmdYYHN4TOgmW8sIdwrudBmCQFLyv7HmESJO44E','2021-07-18 23:03:41.065963');
CREATE UNIQUE INDEX "auth_group_permissions_group_id_permission_id_0cd325b0_uniq" ON "auth_group_permissions" ("group_id", "permission_id");
CREATE INDEX IF NOT EXISTS "auth_group_permissions_group_id_b120cbf9" ON "auth_group_permissions" ("group_id");
CREATE INDEX IF NOT EXISTS "auth_group_permissions_permission_id_84c5c92e" ON "auth_group_permissions" ("permission_id");
CREATE UNIQUE INDEX "auth_user_groups_user_id_group_id_94350c0c_uniq" ON "auth_user_groups" ("user_id", "group_id");
CREATE INDEX IF NOT EXISTS "auth_user_groups_user_id_6a12ed8b" ON "auth_user_groups" ("user_id");
CREATE INDEX IF NOT EXISTS "auth_user_groups_group_id_97559544" ON "auth_user_groups" ("group_id");
CREATE UNIQUE INDEX "auth_user_user_permissions_user_id_permission_id_14a6b632_uniq" ON "auth_user_user_permissions" ("user_id", "permission_id");
CREATE INDEX IF NOT EXISTS "auth_user_user_permissions_user_id_a95ead1b" ON "auth_user_user_permissions" ("user_id");
CREATE INDEX IF NOT EXISTS "auth_user_user_permissions_permission_id_1fbb5f2c" ON "auth_user_user_permissions" ("permission_id");
CREATE INDEX IF NOT EXISTS "django_admin_log_content_type_id_c4bce8eb" ON "django_admin_log" ("content_type_id");
CREATE INDEX IF NOT EXISTS "django_admin_log_user_id_c564eba6" ON "django_admin_log" ("user_id");
CREATE UNIQUE INDEX "django_content_type_app_label_model_76bd3d3b_uniq" ON "django_content_type" ("app_label", "model");
CREATE UNIQUE INDEX "auth_permission_content_type_id_codename_01ab375a_uniq" ON "auth_permission" ("content_type_id", "codename");
CREATE INDEX IF NOT EXISTS "auth_permission_content_type_id_2f476e4b" ON "auth_permission" ("content_type_id");
CREATE INDEX IF NOT EXISTS "django_session_expire_date_a5c62663" ON "django_session" ("expire_date");
CREATE INDEX IF NOT EXISTS "messenger_message_user_id_44204cf3" ON "messenger_message" ("user_id");
CREATE UNIQUE INDEX "messenger_thread_messages_thread_id_message_id_bb58b3ca_uniq" ON "messenger_thread_messages" ("thread_id", "message_id");
CREATE INDEX IF NOT EXISTS "messenger_thread_messages_thread_id_a70e3887" ON "messenger_thread_messages" ("thread_id");
CREATE INDEX IF NOT EXISTS "messenger_thread_messages_message_id_e4d4b7af" ON "messenger_thread_messages" ("message_id");
CREATE UNIQUE INDEX "messenger_thread_users_thread_id_user_id_d8023aff_uniq" ON "messenger_thread_users" ("thread_id", "user_id");
CREATE INDEX IF NOT EXISTS "messenger_thread_users_thread_id_8c4fd4f2" ON "messenger_thread_users" ("thread_id");
CREATE INDEX IF NOT EXISTS "messenger_thread_users_user_id_008b18f6" ON "messenger_thread_users" ("user_id");
CREATE UNIQUE INDEX "pages_page_categories_page_id_category_id_d447e277_uniq" ON "pages_page_categories" ("page_id", "category_id");
CREATE INDEX IF NOT EXISTS "pages_page_categories_page_id_969a5738" ON "pages_page_categories" ("page_id");
CREATE INDEX IF NOT EXISTS "pages_page_categories_category_id_8ce9a4bd" ON "pages_page_categories" ("category_id");
CREATE UNIQUE INDEX "registration_profile_categories_profile_id_category_id_9cb0cd57_uniq" ON "registration_profile_categories" ("profile_id", "category_id");
CREATE INDEX IF NOT EXISTS "registration_profile_categories_profile_id_22c51686" ON "registration_profile_categories" ("profile_id");
CREATE INDEX IF NOT EXISTS "registration_profile_categories_category_id_383a9cd3" ON "registration_profile_categories" ("category_id");
CREATE INDEX IF NOT EXISTS "registration_profile_provincia_id_c6712ebe" ON "registration_profile" ("provincia_id");
CREATE UNIQUE INDEX "pages_subscription_pages_subscription_id_page_id_f255c3ff_uniq" ON "pages_subscription_pages" ("subscription_id", "page_id");
CREATE INDEX IF NOT EXISTS "pages_subscription_pages_subscription_id_2c5b6b19" ON "pages_subscription_pages" ("subscription_id");
CREATE INDEX IF NOT EXISTS "pages_subscription_pages_page_id_14b085a2" ON "pages_subscription_pages" ("page_id");
CREATE INDEX IF NOT EXISTS "pages_page_dia_id_254dbe88" ON "pages_page" ("dia_id");
CREATE INDEX IF NOT EXISTS "pages_historial_page_id_55e4e036" ON "pages_historial" ("page_id");
CREATE UNIQUE INDEX "pages_historial_anotados_historial_id_user_id_37a6c63e_uniq" ON "pages_historial_anotados" ("historial_id", "user_id");
CREATE INDEX IF NOT EXISTS "pages_historial_anotados_historial_id_98960092" ON "pages_historial_anotados" ("historial_id");
CREATE INDEX IF NOT EXISTS "pages_historial_anotados_user_id_d557c3cf" ON "pages_historial_anotados" ("user_id");
CREATE UNIQUE INDEX "pages_historial_asistencias_historial_id_user_id_c0f61da1_uniq" ON "pages_historial_asistencias" ("historial_id", "user_id");
CREATE INDEX IF NOT EXISTS "pages_historial_asistencias_historial_id_029f2653" ON "pages_historial_asistencias" ("historial_id");
CREATE INDEX IF NOT EXISTS "pages_historial_asistencias_user_id_d807424c" ON "pages_historial_asistencias" ("user_id");
CREATE TABLE IF NOT EXISTS "messenger_message" ("id" integer NOT NULL PRIMARY KEY AUTOINCREMENT, "content" text NOT NULL, "created" datetime NOT NULL, "user_id" integer NOT NULL REFERENCES "auth_user" ("id") DEFERRABLE INITIALLY DEFERRED);
INSERT INTO "messenger_message" VALUES(1,'Muy buenas','2021-04-10 11:20:43.892836',1);
INSERT INTO "messenger_message" VALUES(3,'Adios Osvaldo','2021-04-10 11:21:14.661225',1);
INSERT INTO "messenger_message" VALUES(5,'Muy buenas','2021-04-10 16:04:53.685887',1);
INSERT INTO "messenger_message" VALUES(7,'Me estaba yendo','2021-04-10 16:05:20.221583',1);
INSERT INTO "messenger_message" VALUES(9,'Hola devuelta!','2021-04-10 21:06:55.424190',1);
INSERT INTO "messenger_message" VALUES(10,'Hola devuelta!','2021-04-10 21:07:13.837132',1);
INSERT INTO "messenger_message" VALUES(11,'AAA','2021-04-10 21:08:19.935147',1);
INSERT INTO "messenger_message" VALUES(12,'AAA','2021-04-10 21:08:21.610122',1);
INSERT INTO "messenger_message" VALUES(13,'AAAA','2021-04-10 21:10:30.502795',1);
INSERT INTO "messenger_message" VALUES(14,'aAA','2021-04-10 21:11:31.832069',1);
INSERT INTO "messenger_message" VALUES(15,'AAA','2021-04-10 21:15:20.358976',1);
INSERT INTO "messenger_message" VALUES(16,'AAA','2021-04-10 21:15:26.370106',1);
INSERT INTO "messenger_message" VALUES(17,'aaa','2021-04-10 21:18:38.904283',1);
INSERT INTO "messenger_message" VALUES(18,'AAA','2021-04-10 21:19:49.256163',1);
INSERT INTO "messenger_message" VALUES(19,'Esto funciona?','2021-04-10 22:39:47.609860',1);
INSERT INTO "messenger_message" VALUES(20,'Este es el último mensaje','2021-04-10 22:43:02.775450',1);
INSERT INTO "messenger_message" VALUES(21,'Hola Juanito!','2021-04-10 23:22:55.693760',1);
INSERT INTO "messenger_message" VALUES(22,'Hola Hector!','2021-04-10 23:31:30.776167',1);
INSERT INTO "messenger_message" VALUES(23,'Hola!','2021-04-10 23:31:34.936434',1);
INSERT INTO "messenger_message" VALUES(24,'Hola hola!','2021-04-10 23:34:07.111492',1);
INSERT INTO "messenger_message" VALUES(25,'Hola!','2021-04-10 23:36:08.838965',1);
INSERT INTO "messenger_message" VALUES(26,'Hola!','2021-04-10 23:38:36.437934',1);
INSERT INTO "messenger_message" VALUES(27,'Hola!','2021-04-10 23:38:40.140902',1);
INSERT INTO "messenger_message" VALUES(28,'Hola!','2021-04-10 23:38:44.317862',1);
INSERT INTO "messenger_message" VALUES(29,'Hello!','2021-04-10 23:42:00.444233',1);
INSERT INTO "messenger_message" VALUES(30,'EH','2021-04-10 23:43:39.100148',1);
INSERT INTO "messenger_message" VALUES(31,'E!','2021-04-10 23:53:33.559167',1);
INSERT INTO "messenger_message" VALUES(32,'Un mensaje','2021-06-29 06:03:21.016595',1);
CREATE UNIQUE INDEX "auth_group_permissions_group_id_permission_id_0cd325b0_uniq" ON "auth_group_permissions" ("group_id", "permission_id");
CREATE INDEX IF NOT EXISTS "auth_group_permissions_group_id_b120cbf9" ON "auth_group_permissions" ("group_id");
CREATE INDEX IF NOT EXISTS "auth_group_permissions_permission_id_84c5c92e" ON "auth_group_permissions" ("permission_id");
CREATE UNIQUE INDEX "auth_user_groups_user_id_group_id_94350c0c_uniq" ON "auth_user_groups" ("user_id", "group_id");
CREATE INDEX IF NOT EXISTS "auth_user_groups_user_id_6a12ed8b" ON "auth_user_groups" ("user_id");
CREATE INDEX IF NOT EXISTS "auth_user_groups_group_id_97559544" ON "auth_user_groups" ("group_id");
CREATE UNIQUE INDEX "auth_user_user_permissions_user_id_permission_id_14a6b632_uniq" ON "auth_user_user_permissions" ("user_id", "permission_id");
CREATE INDEX IF NOT EXISTS "auth_user_user_permissions_user_id_a95ead1b" ON "auth_user_user_permissions" ("user_id");
CREATE INDEX IF NOT EXISTS "auth_user_user_permissions_permission_id_1fbb5f2c" ON "auth_user_user_permissions" ("permission_id");
CREATE INDEX IF NOT EXISTS "django_admin_log_content_type_id_c4bce8eb" ON "django_admin_log" ("content_type_id");
CREATE INDEX IF NOT EXISTS "django_admin_log_user_id_c564eba6" ON "django_admin_log" ("user_id");
CREATE UNIQUE INDEX "django_content_type_app_label_model_76bd3d3b_uniq" ON "django_content_type" ("app_label", "model");
CREATE UNIQUE INDEX "auth_permission_content_type_id_codename_01ab375a_uniq" ON "auth_permission" ("content_type_id", "codename");
CREATE INDEX IF NOT EXISTS "auth_permission_content_type_id_2f476e4b" ON "auth_permission" ("content_type_id");
CREATE INDEX IF NOT EXISTS "django_session_expire_date_a5c62663" ON "django_session" ("expire_date");
CREATE INDEX IF NOT EXISTS "messenger_message_user_id_44204cf3" ON "messenger_message" ("user_id");
CREATE UNIQUE INDEX "messenger_thread_messages_thread_id_message_id_bb58b3ca_uniq" ON "messenger_thread_messages" ("thread_id", "message_id");
CREATE INDEX IF NOT EXISTS "messenger_thread_messages_thread_id_a70e3887" ON "messenger_thread_messages" ("thread_id");
CREATE INDEX IF NOT EXISTS "messenger_thread_messages_message_id_e4d4b7af" ON "messenger_thread_messages" ("message_id");
CREATE UNIQUE INDEX "messenger_thread_users_thread_id_user_id_d8023aff_uniq" ON "messenger_thread_users" ("thread_id", "user_id");
CREATE INDEX IF NOT EXISTS "messenger_thread_users_thread_id_8c4fd4f2" ON "messenger_thread_users" ("thread_id");
CREATE INDEX IF NOT EXISTS "messenger_thread_users_user_id_008b18f6" ON "messenger_thread_users" ("user_id");
CREATE UNIQUE INDEX "pages_page_categories_page_id_category_id_d447e277_uniq" ON "pages_page_categories" ("page_id", "category_id");
CREATE INDEX IF NOT EXISTS "pages_page_categories_page_id_969a5738" ON "pages_page_categories" ("page_id");
CREATE INDEX IF NOT EXISTS "pages_page_categories_category_id_8ce9a4bd" ON "pages_page_categories" ("category_id");
CREATE UNIQUE INDEX "registration_profile_categories_profile_id_category_id_9cb0cd57_uniq" ON "registration_profile_categories" ("profile_id", "category_id");
CREATE INDEX IF NOT EXISTS "registration_profile_categories_profile_id_22c51686" ON "registration_profile_categories" ("profile_id");
CREATE INDEX IF NOT EXISTS "registration_profile_categories_category_id_383a9cd3" ON "registration_profile_categories" ("category_id");
CREATE INDEX IF NOT EXISTS "registration_profile_provincia_id_c6712ebe" ON "registration_profile" ("provincia_id");
CREATE UNIQUE INDEX "pages_subscription_pages_subscription_id_page_id_f255c3ff_uniq" ON "pages_subscription_pages" ("subscription_id", "page_id");
CREATE INDEX IF NOT EXISTS "pages_subscription_pages_subscription_id_2c5b6b19" ON "pages_subscription_pages" ("subscription_id");
CREATE INDEX IF NOT EXISTS "pages_subscription_pages_page_id_14b085a2" ON "pages_subscription_pages" ("page_id");
CREATE INDEX IF NOT EXISTS "pages_page_dia_id_254dbe88" ON "pages_page" ("dia_id");
CREATE INDEX IF NOT EXISTS "pages_historial_page_id_55e4e036" ON "pages_historial" ("page_id");
CREATE UNIQUE INDEX "pages_historial_anotados_historial_id_user_id_37a6c63e_uniq" ON "pages_historial_anotados" ("historial_id", "user_id");
CREATE INDEX IF NOT EXISTS "pages_historial_anotados_historial_id_98960092" ON "pages_historial_anotados" ("historial_id");
CREATE INDEX IF NOT EXISTS "pages_historial_anotados_user_id_d557c3cf" ON "pages_historial_anotados" ("user_id");
CREATE UNIQUE INDEX "pages_historial_asistencias_historial_id_user_id_c0f61da1_uniq" ON "pages_historial_asistencias" ("historial_id", "user_id");
CREATE INDEX IF NOT EXISTS "pages_historial_asistencias_historial_id_029f2653" ON "pages_historial_asistencias" ("historial_id");
CREATE INDEX IF NOT EXISTS "pages_historial_asistencias_user_id_d807424c" ON "pages_historial_asistencias" ("user_id");
CREATE TABLE IF NOT EXISTS "messenger_thread" ("id" integer NOT NULL PRIMARY KEY AUTOINCREMENT, "updated" datetime NULL);
INSERT INTO "messenger_thread" VALUES(1,'2021-04-10 23:33:33.722090');
INSERT INTO "messenger_thread" VALUES(2,'2021-04-10 23:53:33.670894');
INSERT INTO "messenger_thread" VALUES(3,'2021-04-10 23:33:33.722090');
INSERT INTO "messenger_thread" VALUES(4,'2021-06-19 21:07:46.411385');
INSERT INTO "messenger_thread" VALUES(5,'2021-06-22 02:15:49.329586');
INSERT INTO "messenger_thread" VALUES(6,'2021-06-29 06:03:21.059939');
CREATE UNIQUE INDEX "auth_group_permissions_group_id_permission_id_0cd325b0_uniq" ON "auth_group_permissions" ("group_id", "permission_id");
CREATE INDEX IF NOT EXISTS "auth_group_permissions_group_id_b120cbf9" ON "auth_group_permissions" ("group_id");
CREATE INDEX IF NOT EXISTS "auth_group_permissions_permission_id_84c5c92e" ON "auth_group_permissions" ("permission_id");
CREATE UNIQUE INDEX "auth_user_groups_user_id_group_id_94350c0c_uniq" ON "auth_user_groups" ("user_id", "group_id");
CREATE INDEX IF NOT EXISTS "auth_user_groups_user_id_6a12ed8b" ON "auth_user_groups" ("user_id");
CREATE INDEX IF NOT EXISTS "auth_user_groups_group_id_97559544" ON "auth_user_groups" ("group_id");
CREATE UNIQUE INDEX "auth_user_user_permissions_user_id_permission_id_14a6b632_uniq" ON "auth_user_user_permissions" ("user_id", "permission_id");
CREATE INDEX IF NOT EXISTS "auth_user_user_permissions_user_id_a95ead1b" ON "auth_user_user_permissions" ("user_id");
CREATE INDEX IF NOT EXISTS "auth_user_user_permissions_permission_id_1fbb5f2c" ON "auth_user_user_permissions" ("permission_id");
CREATE INDEX IF NOT EXISTS "django_admin_log_content_type_id_c4bce8eb" ON "django_admin_log" ("content_type_id");
CREATE INDEX IF NOT EXISTS "django_admin_log_user_id_c564eba6" ON "django_admin_log" ("user_id");
CREATE UNIQUE INDEX "django_content_type_app_label_model_76bd3d3b_uniq" ON "django_content_type" ("app_label", "model");
CREATE UNIQUE INDEX "auth_permission_content_type_id_codename_01ab375a_uniq" ON "auth_permission" ("content_type_id", "codename");
CREATE INDEX IF NOT EXISTS "auth_permission_content_type_id_2f476e4b" ON "auth_permission" ("content_type_id");
CREATE INDEX IF NOT EXISTS "django_session_expire_date_a5c62663" ON "django_session" ("expire_date");
CREATE INDEX IF NOT EXISTS "messenger_message_user_id_44204cf3" ON "messenger_message" ("user_id");
CREATE UNIQUE INDEX "messenger_thread_messages_thread_id_message_id_bb58b3ca_uniq" ON "messenger_thread_messages" ("thread_id", "message_id");
CREATE INDEX IF NOT EXISTS "messenger_thread_messages_thread_id_a70e3887" ON "messenger_thread_messages" ("thread_id");
CREATE INDEX IF NOT EXISTS "messenger_thread_messages_message_id_e4d4b7af" ON "messenger_thread_messages" ("message_id");
CREATE UNIQUE INDEX "messenger_thread_users_thread_id_user_id_d8023aff_uniq" ON "messenger_thread_users" ("thread_id", "user_id");
CREATE INDEX IF NOT EXISTS "messenger_thread_users_thread_id_8c4fd4f2" ON "messenger_thread_users" ("thread_id");
CREATE INDEX IF NOT EXISTS "messenger_thread_users_user_id_008b18f6" ON "messenger_thread_users" ("user_id");
CREATE UNIQUE INDEX "pages_page_categories_page_id_category_id_d447e277_uniq" ON "pages_page_categories" ("page_id", "category_id");
CREATE INDEX IF NOT EXISTS "pages_page_categories_page_id_969a5738" ON "pages_page_categories" ("page_id");
CREATE INDEX IF NOT EXISTS "pages_page_categories_category_id_8ce9a4bd" ON "pages_page_categories" ("category_id");
CREATE UNIQUE INDEX "registration_profile_categories_profile_id_category_id_9cb0cd57_uniq" ON "registration_profile_categories" ("profile_id", "category_id");
CREATE INDEX IF NOT EXISTS "registration_profile_categories_profile_id_22c51686" ON "registration_profile_categories" ("profile_id");
CREATE INDEX IF NOT EXISTS "registration_profile_categories_category_id_383a9cd3" ON "registration_profile_categories" ("category_id");
CREATE INDEX IF NOT EXISTS "registration_profile_provincia_id_c6712ebe" ON "registration_profile" ("provincia_id");
CREATE UNIQUE INDEX "pages_subscription_pages_subscription_id_page_id_f255c3ff_uniq" ON "pages_subscription_pages" ("subscription_id", "page_id");
CREATE INDEX IF NOT EXISTS "pages_subscription_pages_subscription_id_2c5b6b19" ON "pages_subscription_pages" ("subscription_id");
CREATE INDEX IF NOT EXISTS "pages_subscription_pages_page_id_14b085a2" ON "pages_subscription_pages" ("page_id");
CREATE INDEX IF NOT EXISTS "pages_page_dia_id_254dbe88" ON "pages_page" ("dia_id");
CREATE INDEX IF NOT EXISTS "pages_historial_page_id_55e4e036" ON "pages_historial" ("page_id");
CREATE UNIQUE INDEX "pages_historial_anotados_historial_id_user_id_37a6c63e_uniq" ON "pages_historial_anotados" ("historial_id", "user_id");
CREATE INDEX IF NOT EXISTS "pages_historial_anotados_historial_id_98960092" ON "pages_historial_anotados" ("historial_id");
CREATE INDEX IF NOT EXISTS "pages_historial_anotados_user_id_d557c3cf" ON "pages_historial_anotados" ("user_id");
CREATE UNIQUE INDEX "pages_historial_asistencias_historial_id_user_id_c0f61da1_uniq" ON "pages_historial_asistencias" ("historial_id", "user_id");
CREATE INDEX IF NOT EXISTS "pages_historial_asistencias_historial_id_029f2653" ON "pages_historial_asistencias" ("historial_id");
CREATE INDEX IF NOT EXISTS "pages_historial_asistencias_user_id_d807424c" ON "pages_historial_asistencias" ("user_id");
CREATE TABLE IF NOT EXISTS "messenger_thread_messages" ("id" integer NOT NULL PRIMARY KEY AUTOINCREMENT, "thread_id" integer NOT NULL REFERENCES "messenger_thread" ("id") DEFERRABLE INITIALLY DEFERRED, "message_id" integer NOT NULL REFERENCES "messenger_message" ("id") DEFERRABLE INITIALLY DEFERRED);
INSERT INTO "messenger_thread_messages" VALUES(1,1,1);
INSERT INTO "messenger_thread_messages" VALUES(3,1,3);
INSERT INTO "messenger_thread_messages" VALUES(5,1,5);
INSERT INTO "messenger_thread_messages" VALUES(7,1,7);
INSERT INTO "messenger_thread_messages" VALUES(9,1,9);
INSERT INTO "messenger_thread_messages" VALUES(10,1,10);
INSERT INTO "messenger_thread_messages" VALUES(11,1,11);
INSERT INTO "messenger_thread_messages" VALUES(12,1,12);
INSERT INTO "messenger_thread_messages" VALUES(13,1,13);
INSERT INTO "messenger_thread_messages" VALUES(14,1,14);
INSERT INTO "messenger_thread_messages" VALUES(15,1,15);
INSERT INTO "messenger_thread_messages" VALUES(16,1,16);
INSERT INTO "messenger_thread_messages" VALUES(17,1,17);
INSERT INTO "messenger_thread_messages" VALUES(18,1,18);
INSERT INTO "messenger_thread_messages" VALUES(19,1,19);
INSERT INTO "messenger_thread_messages" VALUES(20,1,20);
INSERT INTO "messenger_thread_messages" VALUES(21,2,21);
INSERT INTO "messenger_thread_messages" VALUES(22,3,22);
INSERT INTO "messenger_thread_messages" VALUES(23,3,23);
INSERT INTO "messenger_thread_messages" VALUES(24,1,24);
INSERT INTO "messenger_thread_messages" VALUES(25,2,25);
INSERT INTO "messenger_thread_messages" VALUES(26,1,26);
INSERT INTO "messenger_thread_messages" VALUES(27,2,27);
INSERT INTO "messenger_thread_messages" VALUES(28,3,28);
INSERT INTO "messenger_thread_messages" VALUES(29,3,29);
INSERT INTO "messenger_thread_messages" VALUES(30,2,30);
INSERT INTO "messenger_thread_messages" VALUES(31,2,31);
INSERT INTO "messenger_thread_messages" VALUES(32,6,32);
CREATE UNIQUE INDEX "auth_group_permissions_group_id_permission_id_0cd325b0_uniq" ON "auth_group_permissions" ("group_id", "permission_id");
CREATE INDEX IF NOT EXISTS "auth_group_permissions_group_id_b120cbf9" ON "auth_group_permissions" ("group_id");
CREATE INDEX IF NOT EXISTS "auth_group_permissions_permission_id_84c5c92e" ON "auth_group_permissions" ("permission_id");
CREATE UNIQUE INDEX "auth_user_groups_user_id_group_id_94350c0c_uniq" ON "auth_user_groups" ("user_id", "group_id");
CREATE INDEX IF NOT EXISTS "auth_user_groups_user_id_6a12ed8b" ON "auth_user_groups" ("user_id");
CREATE INDEX IF NOT EXISTS "auth_user_groups_group_id_97559544" ON "auth_user_groups" ("group_id");
CREATE UNIQUE INDEX "auth_user_user_permissions_user_id_permission_id_14a6b632_uniq" ON "auth_user_user_permissions" ("user_id", "permission_id");
CREATE INDEX IF NOT EXISTS "auth_user_user_permissions_user_id_a95ead1b" ON "auth_user_user_permissions" ("user_id");
CREATE INDEX IF NOT EXISTS "auth_user_user_permissions_permission_id_1fbb5f2c" ON "auth_user_user_permissions" ("permission_id");
CREATE INDEX IF NOT EXISTS "django_admin_log_content_type_id_c4bce8eb" ON "django_admin_log" ("content_type_id");
CREATE INDEX IF NOT EXISTS "django_admin_log_user_id_c564eba6" ON "django_admin_log" ("user_id");
CREATE UNIQUE INDEX "django_content_type_app_label_model_76bd3d3b_uniq" ON "django_content_type" ("app_label", "model");
CREATE UNIQUE INDEX "auth_permission_content_type_id_codename_01ab375a_uniq" ON "auth_permission" ("content_type_id", "codename");
CREATE INDEX IF NOT EXISTS "auth_permission_content_type_id_2f476e4b" ON "auth_permission" ("content_type_id");
CREATE INDEX IF NOT EXISTS "django_session_expire_date_a5c62663" ON "django_session" ("expire_date");
CREATE INDEX IF NOT EXISTS "messenger_message_user_id_44204cf3" ON "messenger_message" ("user_id");
CREATE UNIQUE INDEX "messenger_thread_messages_thread_id_message_id_bb58b3ca_uniq" ON "messenger_thread_messages" ("thread_id", "message_id");
CREATE INDEX IF NOT EXISTS "messenger_thread_messages_thread_id_a70e3887" ON "messenger_thread_messages" ("thread_id");
CREATE INDEX IF NOT EXISTS "messenger_thread_messages_message_id_e4d4b7af" ON "messenger_thread_messages" ("message_id");
CREATE UNIQUE INDEX "messenger_thread_users_thread_id_user_id_d8023aff_uniq" ON "messenger_thread_users" ("thread_id", "user_id");
CREATE INDEX IF NOT EXISTS "messenger_thread_users_thread_id_8c4fd4f2" ON "messenger_thread_users" ("thread_id");
CREATE INDEX IF NOT EXISTS "messenger_thread_users_user_id_008b18f6" ON "messenger_thread_users" ("user_id");
CREATE UNIQUE INDEX "pages_page_categories_page_id_category_id_d447e277_uniq" ON "pages_page_categories" ("page_id", "category_id");
CREATE INDEX IF NOT EXISTS "pages_page_categories_page_id_969a5738" ON "pages_page_categories" ("page_id");
CREATE INDEX IF NOT EXISTS "pages_page_categories_category_id_8ce9a4bd" ON "pages_page_categories" ("category_id");
CREATE UNIQUE INDEX "registration_profile_categories_profile_id_category_id_9cb0cd57_uniq" ON "registration_profile_categories" ("profile_id", "category_id");
CREATE INDEX IF NOT EXISTS "registration_profile_categories_profile_id_22c51686" ON "registration_profile_categories" ("profile_id");
CREATE INDEX IF NOT EXISTS "registration_profile_categories_category_id_383a9cd3" ON "registration_profile_categories" ("category_id");
CREATE INDEX IF NOT EXISTS "registration_profile_provincia_id_c6712ebe" ON "registration_profile" ("provincia_id");
CREATE UNIQUE INDEX "pages_subscription_pages_subscription_id_page_id_f255c3ff_uniq" ON "pages_subscription_pages" ("subscription_id", "page_id");
CREATE INDEX IF NOT EXISTS "pages_subscription_pages_subscription_id_2c5b6b19" ON "pages_subscription_pages" ("subscription_id");
CREATE INDEX IF NOT EXISTS "pages_subscription_pages_page_id_14b085a2" ON "pages_subscription_pages" ("page_id");
CREATE INDEX IF NOT EXISTS "pages_page_dia_id_254dbe88" ON "pages_page" ("dia_id");
CREATE INDEX IF NOT EXISTS "pages_historial_page_id_55e4e036" ON "pages_historial" ("page_id");
CREATE UNIQUE INDEX "pages_historial_anotados_historial_id_user_id_37a6c63e_uniq" ON "pages_historial_anotados" ("historial_id", "user_id");
CREATE INDEX IF NOT EXISTS "pages_historial_anotados_historial_id_98960092" ON "pages_historial_anotados" ("historial_id");
CREATE INDEX IF NOT EXISTS "pages_historial_anotados_user_id_d557c3cf" ON "pages_historial_anotados" ("user_id");
CREATE UNIQUE INDEX "pages_historial_asistencias_historial_id_user_id_c0f61da1_uniq" ON "pages_historial_asistencias" ("historial_id", "user_id");
CREATE INDEX IF NOT EXISTS "pages_historial_asistencias_historial_id_029f2653" ON "pages_historial_asistencias" ("historial_id");
CREATE INDEX IF NOT EXISTS "pages_historial_asistencias_user_id_d807424c" ON "pages_historial_asistencias" ("user_id");
CREATE TABLE IF NOT EXISTS "messenger_thread_users" ("id" integer NOT NULL PRIMARY KEY AUTOINCREMENT, "thread_id" integer NOT NULL REFERENCES "messenger_thread" ("id") DEFERRABLE INITIALLY DEFERRED, "user_id" integer NOT NULL REFERENCES "auth_user" ("id") DEFERRABLE INITIALLY DEFERRED);
INSERT INTO "messenger_thread_users" VALUES(1,1,1);
INSERT INTO "messenger_thread_users" VALUES(3,2,1);
INSERT INTO "messenger_thread_users" VALUES(5,3,1);
INSERT INTO "messenger_thread_users" VALUES(7,4,1);
INSERT INTO "messenger_thread_users" VALUES(8,4,14);
INSERT INTO "messenger_thread_users" VALUES(9,5,1);
INSERT INTO "messenger_thread_users" VALUES(11,6,16);
INSERT INTO "messenger_thread_users" VALUES(12,6,1);
CREATE UNIQUE INDEX "auth_group_permissions_group_id_permission_id_0cd325b0_uniq" ON "auth_group_permissions" ("group_id", "permission_id");
CREATE INDEX IF NOT EXISTS "auth_group_permissions_group_id_b120cbf9" ON "auth_group_permissions" ("group_id");
CREATE INDEX IF NOT EXISTS "auth_group_permissions_permission_id_84c5c92e" ON "auth_group_permissions" ("permission_id");
CREATE UNIQUE INDEX "auth_user_groups_user_id_group_id_94350c0c_uniq" ON "auth_user_groups" ("user_id", "group_id");
CREATE INDEX IF NOT EXISTS "auth_user_groups_user_id_6a12ed8b" ON "auth_user_groups" ("user_id");
CREATE INDEX IF NOT EXISTS "auth_user_groups_group_id_97559544" ON "auth_user_groups" ("group_id");
CREATE UNIQUE INDEX "auth_user_user_permissions_user_id_permission_id_14a6b632_uniq" ON "auth_user_user_permissions" ("user_id", "permission_id");
CREATE INDEX IF NOT EXISTS "auth_user_user_permissions_user_id_a95ead1b" ON "auth_user_user_permissions" ("user_id");
CREATE INDEX IF NOT EXISTS "auth_user_user_permissions_permission_id_1fbb5f2c" ON "auth_user_user_permissions" ("permission_id");
CREATE INDEX IF NOT EXISTS "django_admin_log_content_type_id_c4bce8eb" ON "django_admin_log" ("content_type_id");
CREATE INDEX IF NOT EXISTS "django_admin_log_user_id_c564eba6" ON "django_admin_log" ("user_id");
CREATE UNIQUE INDEX "django_content_type_app_label_model_76bd3d3b_uniq" ON "django_content_type" ("app_label", "model");
CREATE UNIQUE INDEX "auth_permission_content_type_id_codename_01ab375a_uniq" ON "auth_permission" ("content_type_id", "codename");
CREATE INDEX IF NOT EXISTS "auth_permission_content_type_id_2f476e4b" ON "auth_permission" ("content_type_id");
CREATE INDEX IF NOT EXISTS "django_session_expire_date_a5c62663" ON "django_session" ("expire_date");
CREATE INDEX IF NOT EXISTS "messenger_message_user_id_44204cf3" ON "messenger_message" ("user_id");
CREATE UNIQUE INDEX "messenger_thread_messages_thread_id_message_id_bb58b3ca_uniq" ON "messenger_thread_messages" ("thread_id", "message_id");
CREATE INDEX IF NOT EXISTS "messenger_thread_messages_thread_id_a70e3887" ON "messenger_thread_messages" ("thread_id");
CREATE INDEX IF NOT EXISTS "messenger_thread_messages_message_id_e4d4b7af" ON "messenger_thread_messages" ("message_id");
CREATE UNIQUE INDEX "messenger_thread_users_thread_id_user_id_d8023aff_uniq" ON "messenger_thread_users" ("thread_id", "user_id");
CREATE INDEX IF NOT EXISTS "messenger_thread_users_thread_id_8c4fd4f2" ON "messenger_thread_users" ("thread_id");
CREATE INDEX IF NOT EXISTS "messenger_thread_users_user_id_008b18f6" ON "messenger_thread_users" ("user_id");
CREATE UNIQUE INDEX "pages_page_categories_page_id_category_id_d447e277_uniq" ON "pages_page_categories" ("page_id", "category_id");
CREATE INDEX IF NOT EXISTS "pages_page_categories_page_id_969a5738" ON "pages_page_categories" ("page_id");
CREATE INDEX IF NOT EXISTS "pages_page_categories_category_id_8ce9a4bd" ON "pages_page_categories" ("category_id");
CREATE UNIQUE INDEX "registration_profile_categories_profile_id_category_id_9cb0cd57_uniq" ON "registration_profile_categories" ("profile_id", "category_id");
CREATE INDEX IF NOT EXISTS "registration_profile_categories_profile_id_22c51686" ON "registration_profile_categories" ("profile_id");
CREATE INDEX IF NOT EXISTS "registration_profile_categories_category_id_383a9cd3" ON "registration_profile_categories" ("category_id");
CREATE INDEX IF NOT EXISTS "registration_profile_provincia_id_c6712ebe" ON "registration_profile" ("provincia_id");
CREATE UNIQUE INDEX "pages_subscription_pages_subscription_id_page_id_f255c3ff_uniq" ON "pages_subscription_pages" ("subscription_id", "page_id");
CREATE INDEX IF NOT EXISTS "pages_subscription_pages_subscription_id_2c5b6b19" ON "pages_subscription_pages" ("subscription_id");
CREATE INDEX IF NOT EXISTS "pages_subscription_pages_page_id_14b085a2" ON "pages_subscription_pages" ("page_id");
CREATE INDEX IF NOT EXISTS "pages_page_dia_id_254dbe88" ON "pages_page" ("dia_id");
CREATE INDEX IF NOT EXISTS "pages_historial_page_id_55e4e036" ON "pages_historial" ("page_id");
CREATE UNIQUE INDEX "pages_historial_anotados_historial_id_user_id_37a6c63e_uniq" ON "pages_historial_anotados" ("historial_id", "user_id");
CREATE INDEX IF NOT EXISTS "pages_historial_anotados_historial_id_98960092" ON "pages_historial_anotados" ("historial_id");
CREATE INDEX IF NOT EXISTS "pages_historial_anotados_user_id_d557c3cf" ON "pages_historial_anotados" ("user_id");
CREATE UNIQUE INDEX "pages_historial_asistencias_historial_id_user_id_c0f61da1_uniq" ON "pages_historial_asistencias" ("historial_id", "user_id");
CREATE INDEX IF NOT EXISTS "pages_historial_asistencias_historial_id_029f2653" ON "pages_historial_asistencias" ("historial_id");
CREATE INDEX IF NOT EXISTS "pages_historial_asistencias_user_id_d807424c" ON "pages_historial_asistencias" ("user_id");
CREATE TABLE IF NOT EXISTS "pages_category" ("id" integer NOT NULL PRIMARY KEY AUTOINCREMENT, "name" varchar(200) NOT NULL, "updated" datetime NOT NULL, "created" datetime NOT NULL);
INSERT INTO "pages_category" VALUES(1,'Deporte','2021-06-28 15:15:41.610311','2021-06-28 15:15:41.610311');
INSERT INTO "pages_category" VALUES(2,'Educación','2021-06-28 15:15:48.217527','2021-06-28 15:15:48.217527');
INSERT INTO "pages_category" VALUES(3,'Arte','2021-06-28 15:16:05.850228','2021-06-28 15:16:05.850228');
INSERT INTO "pages_category" VALUES(4,'Actualidad','2021-06-28 15:16:19.096196','2021-06-28 15:16:19.096196');
INSERT INTO "pages_category" VALUES(5,'Salud','2021-06-28 15:29:28.981561','2021-06-28 15:29:28.981561');
INSERT INTO "pages_category" VALUES(6,'Interes general','2021-06-28 15:29:38.046409','2021-06-28 15:29:38.046409');
INSERT INTO "pages_category" VALUES(7,'Meditación','2021-06-28 15:30:18.749637','2021-06-28 15:30:18.749637');
INSERT INTO "pages_category" VALUES(8,'Debate','2021-06-28 15:30:22.428911','2021-06-28 15:30:22.428911');
INSERT INTO "pages_category" VALUES(9,'Diversión','2021-06-28 15:30:49.790468','2021-06-28 15:30:49.790468');
INSERT INTO "pages_category" VALUES(10,'Social','2021-06-28 15:31:35.084592','2021-06-28 15:31:35.084592');
INSERT INTO "pages_category" VALUES(11,'Defensa personal','2021-06-28 15:32:27.739887','2021-06-28 15:32:27.739887');
INSERT INTO "pages_category" VALUES(12,'Idiomas','2021-06-28 15:33:50.861086','2021-06-28 15:33:50.861086');
INSERT INTO "pages_category" VALUES(13,'Trabajo','2021-06-28 15:35:54.682266','2021-06-28 15:35:54.682266');
CREATE UNIQUE INDEX "auth_group_permissions_group_id_permission_id_0cd325b0_uniq" ON "auth_group_permissions" ("group_id", "permission_id");
CREATE INDEX IF NOT EXISTS "auth_group_permissions_group_id_b120cbf9" ON "auth_group_permissions" ("group_id");
CREATE INDEX IF NOT EXISTS "auth_group_permissions_permission_id_84c5c92e" ON "auth_group_permissions" ("permission_id");
CREATE UNIQUE INDEX "auth_user_groups_user_id_group_id_94350c0c_uniq" ON "auth_user_groups" ("user_id", "group_id");
CREATE INDEX IF NOT EXISTS "auth_user_groups_user_id_6a12ed8b" ON "auth_user_groups" ("user_id");
CREATE INDEX IF NOT EXISTS "auth_user_groups_group_id_97559544" ON "auth_user_groups" ("group_id");
CREATE UNIQUE INDEX "auth_user_user_permissions_user_id_permission_id_14a6b632_uniq" ON "auth_user_user_permissions" ("user_id", "permission_id");
CREATE INDEX IF NOT EXISTS "auth_user_user_permissions_user_id_a95ead1b" ON "auth_user_user_permissions" ("user_id");
CREATE INDEX IF NOT EXISTS "auth_user_user_permissions_permission_id_1fbb5f2c" ON "auth_user_user_permissions" ("permission_id");
CREATE INDEX IF NOT EXISTS "django_admin_log_content_type_id_c4bce8eb" ON "django_admin_log" ("content_type_id");
CREATE INDEX IF NOT EXISTS "django_admin_log_user_id_c564eba6" ON "django_admin_log" ("user_id");
CREATE UNIQUE INDEX "django_content_type_app_label_model_76bd3d3b_uniq" ON "django_content_type" ("app_label", "model");
CREATE UNIQUE INDEX "auth_permission_content_type_id_codename_01ab375a_uniq" ON "auth_permission" ("content_type_id", "codename");
CREATE INDEX IF NOT EXISTS "auth_permission_content_type_id_2f476e4b" ON "auth_permission" ("content_type_id");
CREATE INDEX IF NOT EXISTS "django_session_expire_date_a5c62663" ON "django_session" ("expire_date");
CREATE INDEX IF NOT EXISTS "messenger_message_user_id_44204cf3" ON "messenger_message" ("user_id");
CREATE UNIQUE INDEX "messenger_thread_messages_thread_id_message_id_bb58b3ca_uniq" ON "messenger_thread_messages" ("thread_id", "message_id");
CREATE INDEX IF NOT EXISTS "messenger_thread_messages_thread_id_a70e3887" ON "messenger_thread_messages" ("thread_id");
CREATE INDEX IF NOT EXISTS "messenger_thread_messages_message_id_e4d4b7af" ON "messenger_thread_messages" ("message_id");
CREATE UNIQUE INDEX "messenger_thread_users_thread_id_user_id_d8023aff_uniq" ON "messenger_thread_users" ("thread_id", "user_id");
CREATE INDEX IF NOT EXISTS "messenger_thread_users_thread_id_8c4fd4f2" ON "messenger_thread_users" ("thread_id");
CREATE INDEX IF NOT EXISTS "messenger_thread_users_user_id_008b18f6" ON "messenger_thread_users" ("user_id");
CREATE UNIQUE INDEX "pages_page_categories_page_id_category_id_d447e277_uniq" ON "pages_page_categories" ("page_id", "category_id");
CREATE INDEX IF NOT EXISTS "pages_page_categories_page_id_969a5738" ON "pages_page_categories" ("page_id");
CREATE INDEX IF NOT EXISTS "pages_page_categories_category_id_8ce9a4bd" ON "pages_page_categories" ("category_id");
CREATE UNIQUE INDEX "registration_profile_categories_profile_id_category_id_9cb0cd57_uniq" ON "registration_profile_categories" ("profile_id", "category_id");
CREATE INDEX IF NOT EXISTS "registration_profile_categories_profile_id_22c51686" ON "registration_profile_categories" ("profile_id");
CREATE INDEX IF NOT EXISTS "registration_profile_categories_category_id_383a9cd3" ON "registration_profile_categories" ("category_id");
CREATE INDEX IF NOT EXISTS "registration_profile_provincia_id_c6712ebe" ON "registration_profile" ("provincia_id");
CREATE UNIQUE INDEX "pages_subscription_pages_subscription_id_page_id_f255c3ff_uniq" ON "pages_subscription_pages" ("subscription_id", "page_id");
CREATE INDEX IF NOT EXISTS "pages_subscription_pages_subscription_id_2c5b6b19" ON "pages_subscription_pages" ("subscription_id");
CREATE INDEX IF NOT EXISTS "pages_subscription_pages_page_id_14b085a2" ON "pages_subscription_pages" ("page_id");
CREATE INDEX IF NOT EXISTS "pages_page_dia_id_254dbe88" ON "pages_page" ("dia_id");
CREATE INDEX IF NOT EXISTS "pages_historial_page_id_55e4e036" ON "pages_historial" ("page_id");
CREATE UNIQUE INDEX "pages_historial_anotados_historial_id_user_id_37a6c63e_uniq" ON "pages_historial_anotados" ("historial_id", "user_id");
CREATE INDEX IF NOT EXISTS "pages_historial_anotados_historial_id_98960092" ON "pages_historial_anotados" ("historial_id");
CREATE INDEX IF NOT EXISTS "pages_historial_anotados_user_id_d557c3cf" ON "pages_historial_anotados" ("user_id");
CREATE UNIQUE INDEX "pages_historial_asistencias_historial_id_user_id_c0f61da1_uniq" ON "pages_historial_asistencias" ("historial_id", "user_id");
CREATE INDEX IF NOT EXISTS "pages_historial_asistencias_historial_id_029f2653" ON "pages_historial_asistencias" ("historial_id");
CREATE INDEX IF NOT EXISTS "pages_historial_asistencias_user_id_d807424c" ON "pages_historial_asistencias" ("user_id");
CREATE TABLE IF NOT EXISTS "pages_day" ("id" integer NOT NULL PRIMARY KEY AUTOINCREMENT, "day" varchar(200) NOT NULL, "order" smallint NOT NULL, "mostrar" bool NOT NULL);
INSERT INTO "pages_day" VALUES(1,'Lunes',1,1);
INSERT INTO "pages_day" VALUES(2,'Martes',2,1);
INSERT INTO "pages_day" VALUES(3,'Miércoles',3,1);
INSERT INTO "pages_day" VALUES(4,'Jueves',4,1);
INSERT INTO "pages_day" VALUES(5,'Viernes',5,1);
INSERT INTO "pages_day" VALUES(6,'Sábado',6,1);
INSERT INTO "pages_day" VALUES(7,'Domingo',7,1);
INSERT INTO "pages_day" VALUES(8,'Membresías de Coworking',8,1);
CREATE UNIQUE INDEX "auth_group_permissions_group_id_permission_id_0cd325b0_uniq" ON "auth_group_permissions" ("group_id", "permission_id");
CREATE INDEX IF NOT EXISTS "auth_group_permissions_group_id_b120cbf9" ON "auth_group_permissions" ("group_id");
CREATE INDEX IF NOT EXISTS "auth_group_permissions_permission_id_84c5c92e" ON "auth_group_permissions" ("permission_id");
CREATE UNIQUE INDEX "auth_user_groups_user_id_group_id_94350c0c_uniq" ON "auth_user_groups" ("user_id", "group_id");
CREATE INDEX IF NOT EXISTS "auth_user_groups_user_id_6a12ed8b" ON "auth_user_groups" ("user_id");
CREATE INDEX IF NOT EXISTS "auth_user_groups_group_id_97559544" ON "auth_user_groups" ("group_id");
CREATE UNIQUE INDEX "auth_user_user_permissions_user_id_permission_id_14a6b632_uniq" ON "auth_user_user_permissions" ("user_id", "permission_id");
CREATE INDEX IF NOT EXISTS "auth_user_user_permissions_user_id_a95ead1b" ON "auth_user_user_permissions" ("user_id");
CREATE INDEX IF NOT EXISTS "auth_user_user_permissions_permission_id_1fbb5f2c" ON "auth_user_user_permissions" ("permission_id");
CREATE INDEX IF NOT EXISTS "django_admin_log_content_type_id_c4bce8eb" ON "django_admin_log" ("content_type_id");
CREATE INDEX IF NOT EXISTS "django_admin_log_user_id_c564eba6" ON "django_admin_log" ("user_id");
CREATE UNIQUE INDEX "django_content_type_app_label_model_76bd3d3b_uniq" ON "django_content_type" ("app_label", "model");
CREATE UNIQUE INDEX "auth_permission_content_type_id_codename_01ab375a_uniq" ON "auth_permission" ("content_type_id", "codename");
CREATE INDEX IF NOT EXISTS "auth_permission_content_type_id_2f476e4b" ON "auth_permission" ("content_type_id");
CREATE INDEX IF NOT EXISTS "django_session_expire_date_a5c62663" ON "django_session" ("expire_date");
CREATE INDEX IF NOT EXISTS "messenger_message_user_id_44204cf3" ON "messenger_message" ("user_id");
CREATE UNIQUE INDEX "messenger_thread_messages_thread_id_message_id_bb58b3ca_uniq" ON "messenger_thread_messages" ("thread_id", "message_id");
CREATE INDEX IF NOT EXISTS "messenger_thread_messages_thread_id_a70e3887" ON "messenger_thread_messages" ("thread_id");
CREATE INDEX IF NOT EXISTS "messenger_thread_messages_message_id_e4d4b7af" ON "messenger_thread_messages" ("message_id");
CREATE UNIQUE INDEX "messenger_thread_users_thread_id_user_id_d8023aff_uniq" ON "messenger_thread_users" ("thread_id", "user_id");
CREATE INDEX IF NOT EXISTS "messenger_thread_users_thread_id_8c4fd4f2" ON "messenger_thread_users" ("thread_id");
CREATE INDEX IF NOT EXISTS "messenger_thread_users_user_id_008b18f6" ON "messenger_thread_users" ("user_id");
CREATE UNIQUE INDEX "pages_page_categories_page_id_category_id_d447e277_uniq" ON "pages_page_categories" ("page_id", "category_id");
CREATE INDEX IF NOT EXISTS "pages_page_categories_page_id_969a5738" ON "pages_page_categories" ("page_id");
CREATE INDEX IF NOT EXISTS "pages_page_categories_category_id_8ce9a4bd" ON "pages_page_categories" ("category_id");
CREATE UNIQUE INDEX "registration_profile_categories_profile_id_category_id_9cb0cd57_uniq" ON "registration_profile_categories" ("profile_id", "category_id");
CREATE INDEX IF NOT EXISTS "registration_profile_categories_profile_id_22c51686" ON "registration_profile_categories" ("profile_id");
CREATE INDEX IF NOT EXISTS "registration_profile_categories_category_id_383a9cd3" ON "registration_profile_categories" ("category_id");
CREATE INDEX IF NOT EXISTS "registration_profile_provincia_id_c6712ebe" ON "registration_profile" ("provincia_id");
CREATE UNIQUE INDEX "pages_subscription_pages_subscription_id_page_id_f255c3ff_uniq" ON "pages_subscription_pages" ("subscription_id", "page_id");
CREATE INDEX IF NOT EXISTS "pages_subscription_pages_subscription_id_2c5b6b19" ON "pages_subscription_pages" ("subscription_id");
CREATE INDEX IF NOT EXISTS "pages_subscription_pages_page_id_14b085a2" ON "pages_subscription_pages" ("page_id");
CREATE INDEX IF NOT EXISTS "pages_page_dia_id_254dbe88" ON "pages_page" ("dia_id");
CREATE INDEX IF NOT EXISTS "pages_historial_page_id_55e4e036" ON "pages_historial" ("page_id");
CREATE UNIQUE INDEX "pages_historial_anotados_historial_id_user_id_37a6c63e_uniq" ON "pages_historial_anotados" ("historial_id", "user_id");
CREATE INDEX IF NOT EXISTS "pages_historial_anotados_historial_id_98960092" ON "pages_historial_anotados" ("historial_id");
CREATE INDEX IF NOT EXISTS "pages_historial_anotados_user_id_d557c3cf" ON "pages_historial_anotados" ("user_id");
CREATE UNIQUE INDEX "pages_historial_asistencias_historial_id_user_id_c0f61da1_uniq" ON "pages_historial_asistencias" ("historial_id", "user_id");
CREATE INDEX IF NOT EXISTS "pages_historial_asistencias_historial_id_029f2653" ON "pages_historial_asistencias" ("historial_id");
CREATE INDEX IF NOT EXISTS "pages_historial_asistencias_user_id_d807424c" ON "pages_historial_asistencias" ("user_id");
CREATE TABLE IF NOT EXISTS "pages_historial" ("id" integer NOT NULL PRIMARY KEY AUTOINCREMENT, "fecha" datetime NULL, "page_id" integer NULL REFERENCES "pages_page" ("id") DEFERRABLE INITIALLY DEFERRED);
INSERT INTO "pages_historial" VALUES(1,'2021-07-03 03:24:39.618852',2);
INSERT INTO "pages_historial" VALUES(2,'2021-07-03 21:33:35.369309',1);
INSERT INTO "pages_historial" VALUES(3,'2021-07-04 02:50:30.529056',10);
CREATE UNIQUE INDEX "auth_group_permissions_group_id_permission_id_0cd325b0_uniq" ON "auth_group_permissions" ("group_id", "permission_id");
CREATE INDEX IF NOT EXISTS "auth_group_permissions_group_id_b120cbf9" ON "auth_group_permissions" ("group_id");
CREATE INDEX IF NOT EXISTS "auth_group_permissions_permission_id_84c5c92e" ON "auth_group_permissions" ("permission_id");
CREATE UNIQUE INDEX "auth_user_groups_user_id_group_id_94350c0c_uniq" ON "auth_user_groups" ("user_id", "group_id");
CREATE INDEX IF NOT EXISTS "auth_user_groups_user_id_6a12ed8b" ON "auth_user_groups" ("user_id");
CREATE INDEX IF NOT EXISTS "auth_user_groups_group_id_97559544" ON "auth_user_groups" ("group_id");
CREATE UNIQUE INDEX "auth_user_user_permissions_user_id_permission_id_14a6b632_uniq" ON "auth_user_user_permissions" ("user_id", "permission_id");
CREATE INDEX IF NOT EXISTS "auth_user_user_permissions_user_id_a95ead1b" ON "auth_user_user_permissions" ("user_id");
CREATE INDEX IF NOT EXISTS "auth_user_user_permissions_permission_id_1fbb5f2c" ON "auth_user_user_permissions" ("permission_id");
CREATE INDEX IF NOT EXISTS "django_admin_log_content_type_id_c4bce8eb" ON "django_admin_log" ("content_type_id");
CREATE INDEX IF NOT EXISTS "django_admin_log_user_id_c564eba6" ON "django_admin_log" ("user_id");
CREATE UNIQUE INDEX "django_content_type_app_label_model_76bd3d3b_uniq" ON "django_content_type" ("app_label", "model");
CREATE UNIQUE INDEX "auth_permission_content_type_id_codename_01ab375a_uniq" ON "auth_permission" ("content_type_id", "codename");
CREATE INDEX IF NOT EXISTS "auth_permission_content_type_id_2f476e4b" ON "auth_permission" ("content_type_id");
CREATE INDEX IF NOT EXISTS "django_session_expire_date_a5c62663" ON "django_session" ("expire_date");
CREATE INDEX IF NOT EXISTS "messenger_message_user_id_44204cf3" ON "messenger_message" ("user_id");
CREATE UNIQUE INDEX "messenger_thread_messages_thread_id_message_id_bb58b3ca_uniq" ON "messenger_thread_messages" ("thread_id", "message_id");
CREATE INDEX IF NOT EXISTS "messenger_thread_messages_thread_id_a70e3887" ON "messenger_thread_messages" ("thread_id");
CREATE INDEX IF NOT EXISTS "messenger_thread_messages_message_id_e4d4b7af" ON "messenger_thread_messages" ("message_id");
CREATE UNIQUE INDEX "messenger_thread_users_thread_id_user_id_d8023aff_uniq" ON "messenger_thread_users" ("thread_id", "user_id");
CREATE INDEX IF NOT EXISTS "messenger_thread_users_thread_id_8c4fd4f2" ON "messenger_thread_users" ("thread_id");
CREATE INDEX IF NOT EXISTS "messenger_thread_users_user_id_008b18f6" ON "messenger_thread_users" ("user_id");
CREATE UNIQUE INDEX "pages_page_categories_page_id_category_id_d447e277_uniq" ON "pages_page_categories" ("page_id", "category_id");
CREATE INDEX IF NOT EXISTS "pages_page_categories_page_id_969a5738" ON "pages_page_categories" ("page_id");
CREATE INDEX IF NOT EXISTS "pages_page_categories_category_id_8ce9a4bd" ON "pages_page_categories" ("category_id");
CREATE UNIQUE INDEX "registration_profile_categories_profile_id_category_id_9cb0cd57_uniq" ON "registration_profile_categories" ("profile_id", "category_id");
CREATE INDEX IF NOT EXISTS "registration_profile_categories_profile_id_22c51686" ON "registration_profile_categories" ("profile_id");
CREATE INDEX IF NOT EXISTS "registration_profile_categories_category_id_383a9cd3" ON "registration_profile_categories" ("category_id");
CREATE INDEX IF NOT EXISTS "registration_profile_provincia_id_c6712ebe" ON "registration_profile" ("provincia_id");
CREATE UNIQUE INDEX "pages_subscription_pages_subscription_id_page_id_f255c3ff_uniq" ON "pages_subscription_pages" ("subscription_id", "page_id");
CREATE INDEX IF NOT EXISTS "pages_subscription_pages_subscription_id_2c5b6b19" ON "pages_subscription_pages" ("subscription_id");
CREATE INDEX IF NOT EXISTS "pages_subscription_pages_page_id_14b085a2" ON "pages_subscription_pages" ("page_id");
CREATE INDEX IF NOT EXISTS "pages_page_dia_id_254dbe88" ON "pages_page" ("dia_id");
CREATE INDEX IF NOT EXISTS "pages_historial_page_id_55e4e036" ON "pages_historial" ("page_id");
CREATE UNIQUE INDEX "pages_historial_anotados_historial_id_user_id_37a6c63e_uniq" ON "pages_historial_anotados" ("historial_id", "user_id");
CREATE INDEX IF NOT EXISTS "pages_historial_anotados_historial_id_98960092" ON "pages_historial_anotados" ("historial_id");
CREATE INDEX IF NOT EXISTS "pages_historial_anotados_user_id_d557c3cf" ON "pages_historial_anotados" ("user_id");
CREATE UNIQUE INDEX "pages_historial_asistencias_historial_id_user_id_c0f61da1_uniq" ON "pages_historial_asistencias" ("historial_id", "user_id");
CREATE INDEX IF NOT EXISTS "pages_historial_asistencias_historial_id_029f2653" ON "pages_historial_asistencias" ("historial_id");
CREATE INDEX IF NOT EXISTS "pages_historial_asistencias_user_id_d807424c" ON "pages_historial_asistencias" ("user_id");
CREATE TABLE IF NOT EXISTS "pages_historial_anotados" ("id" integer NOT NULL PRIMARY KEY AUTOINCREMENT, "historial_id" integer NOT NULL REFERENCES "pages_historial" ("id") DEFERRABLE INITIALLY DEFERRED, "user_id" integer NOT NULL REFERENCES "auth_user" ("id") DEFERRABLE INITIALLY DEFERRED);
INSERT INTO "pages_historial_anotados" VALUES(1,3,1);
INSERT INTO "pages_historial_anotados" VALUES(2,3,16);
CREATE UNIQUE INDEX "auth_group_permissions_group_id_permission_id_0cd325b0_uniq" ON "auth_group_permissions" ("group_id", "permission_id");
CREATE INDEX IF NOT EXISTS "auth_group_permissions_group_id_b120cbf9" ON "auth_group_permissions" ("group_id");
CREATE INDEX IF NOT EXISTS "auth_group_permissions_permission_id_84c5c92e" ON "auth_group_permissions" ("permission_id");
CREATE UNIQUE INDEX "auth_user_groups_user_id_group_id_94350c0c_uniq" ON "auth_user_groups" ("user_id", "group_id");
CREATE INDEX IF NOT EXISTS "auth_user_groups_user_id_6a12ed8b" ON "auth_user_groups" ("user_id");
CREATE INDEX IF NOT EXISTS "auth_user_groups_group_id_97559544" ON "auth_user_groups" ("group_id");
CREATE UNIQUE INDEX "auth_user_user_permissions_user_id_permission_id_14a6b632_uniq" ON "auth_user_user_permissions" ("user_id", "permission_id");
CREATE INDEX IF NOT EXISTS "auth_user_user_permissions_user_id_a95ead1b" ON "auth_user_user_permissions" ("user_id");
CREATE INDEX IF NOT EXISTS "auth_user_user_permissions_permission_id_1fbb5f2c" ON "auth_user_user_permissions" ("permission_id");
CREATE INDEX IF NOT EXISTS "django_admin_log_content_type_id_c4bce8eb" ON "django_admin_log" ("content_type_id");
CREATE INDEX IF NOT EXISTS "django_admin_log_user_id_c564eba6" ON "django_admin_log" ("user_id");
CREATE UNIQUE INDEX "django_content_type_app_label_model_76bd3d3b_uniq" ON "django_content_type" ("app_label", "model");
CREATE UNIQUE INDEX "auth_permission_content_type_id_codename_01ab375a_uniq" ON "auth_permission" ("content_type_id", "codename");
CREATE INDEX IF NOT EXISTS "auth_permission_content_type_id_2f476e4b" ON "auth_permission" ("content_type_id");
CREATE INDEX IF NOT EXISTS "django_session_expire_date_a5c62663" ON "django_session" ("expire_date");
CREATE INDEX IF NOT EXISTS "messenger_message_user_id_44204cf3" ON "messenger_message" ("user_id");
CREATE UNIQUE INDEX "messenger_thread_messages_thread_id_message_id_bb58b3ca_uniq" ON "messenger_thread_messages" ("thread_id", "message_id");
CREATE INDEX IF NOT EXISTS "messenger_thread_messages_thread_id_a70e3887" ON "messenger_thread_messages" ("thread_id");
CREATE INDEX IF NOT EXISTS "messenger_thread_messages_message_id_e4d4b7af" ON "messenger_thread_messages" ("message_id");
CREATE UNIQUE INDEX "messenger_thread_users_thread_id_user_id_d8023aff_uniq" ON "messenger_thread_users" ("thread_id", "user_id");
CREATE INDEX IF NOT EXISTS "messenger_thread_users_thread_id_8c4fd4f2" ON "messenger_thread_users" ("thread_id");
CREATE INDEX IF NOT EXISTS "messenger_thread_users_user_id_008b18f6" ON "messenger_thread_users" ("user_id");
CREATE UNIQUE INDEX "pages_page_categories_page_id_category_id_d447e277_uniq" ON "pages_page_categories" ("page_id", "category_id");
CREATE INDEX IF NOT EXISTS "pages_page_categories_page_id_969a5738" ON "pages_page_categories" ("page_id");
CREATE INDEX IF NOT EXISTS "pages_page_categories_category_id_8ce9a4bd" ON "pages_page_categories" ("category_id");
CREATE UNIQUE INDEX "registration_profile_categories_profile_id_category_id_9cb0cd57_uniq" ON "registration_profile_categories" ("profile_id", "category_id");
CREATE INDEX IF NOT EXISTS "registration_profile_categories_profile_id_22c51686" ON "registration_profile_categories" ("profile_id");
CREATE INDEX IF NOT EXISTS "registration_profile_categories_category_id_383a9cd3" ON "registration_profile_categories" ("category_id");
CREATE INDEX IF NOT EXISTS "registration_profile_provincia_id_c6712ebe" ON "registration_profile" ("provincia_id");
CREATE UNIQUE INDEX "pages_subscription_pages_subscription_id_page_id_f255c3ff_uniq" ON "pages_subscription_pages" ("subscription_id", "page_id");
CREATE INDEX IF NOT EXISTS "pages_subscription_pages_subscription_id_2c5b6b19" ON "pages_subscription_pages" ("subscription_id");
CREATE INDEX IF NOT EXISTS "pages_subscription_pages_page_id_14b085a2" ON "pages_subscription_pages" ("page_id");
CREATE INDEX IF NOT EXISTS "pages_page_dia_id_254dbe88" ON "pages_page" ("dia_id");
CREATE INDEX IF NOT EXISTS "pages_historial_page_id_55e4e036" ON "pages_historial" ("page_id");
CREATE UNIQUE INDEX "pages_historial_anotados_historial_id_user_id_37a6c63e_uniq" ON "pages_historial_anotados" ("historial_id", "user_id");
CREATE INDEX IF NOT EXISTS "pages_historial_anotados_historial_id_98960092" ON "pages_historial_anotados" ("historial_id");
CREATE INDEX IF NOT EXISTS "pages_historial_anotados_user_id_d557c3cf" ON "pages_historial_anotados" ("user_id");
CREATE UNIQUE INDEX "pages_historial_asistencias_historial_id_user_id_c0f61da1_uniq" ON "pages_historial_asistencias" ("historial_id", "user_id");
CREATE INDEX IF NOT EXISTS "pages_historial_asistencias_historial_id_029f2653" ON "pages_historial_asistencias" ("historial_id");
CREATE INDEX IF NOT EXISTS "pages_historial_asistencias_user_id_d807424c" ON "pages_historial_asistencias" ("user_id");
CREATE TABLE IF NOT EXISTS "pages_historial_asistencias" ("id" integer NOT NULL PRIMARY KEY AUTOINCREMENT, "historial_id" integer NOT NULL REFERENCES "pages_historial" ("id") DEFERRABLE INITIALLY DEFERRED, "user_id" integer NOT NULL REFERENCES "auth_user" ("id") DEFERRABLE INITIALLY DEFERRED);
INSERT INTO "pages_historial_asistencias" VALUES(1,1,16);
INSERT INTO "pages_historial_asistencias" VALUES(2,1,1);
INSERT INTO "pages_historial_asistencias" VALUES(3,2,16);
INSERT INTO "pages_historial_asistencias" VALUES(4,2,1);
INSERT INTO "pages_historial_asistencias" VALUES(5,2,20);
INSERT INTO "pages_historial_asistencias" VALUES(6,2,14);
INSERT INTO "pages_historial_asistencias" VALUES(9,3,1);
INSERT INTO "pages_historial_asistencias" VALUES(14,3,16);
CREATE UNIQUE INDEX "auth_group_permissions_group_id_permission_id_0cd325b0_uniq" ON "auth_group_permissions" ("group_id", "permission_id");
CREATE INDEX IF NOT EXISTS "auth_group_permissions_group_id_b120cbf9" ON "auth_group_permissions" ("group_id");
CREATE INDEX IF NOT EXISTS "auth_group_permissions_permission_id_84c5c92e" ON "auth_group_permissions" ("permission_id");
CREATE UNIQUE INDEX "auth_user_groups_user_id_group_id_94350c0c_uniq" ON "auth_user_groups" ("user_id", "group_id");
CREATE INDEX IF NOT EXISTS "auth_user_groups_user_id_6a12ed8b" ON "auth_user_groups" ("user_id");
CREATE INDEX IF NOT EXISTS "auth_user_groups_group_id_97559544" ON "auth_user_groups" ("group_id");
CREATE UNIQUE INDEX "auth_user_user_permissions_user_id_permission_id_14a6b632_uniq" ON "auth_user_user_permissions" ("user_id", "permission_id");
CREATE INDEX IF NOT EXISTS "auth_user_user_permissions_user_id_a95ead1b" ON "auth_user_user_permissions" ("user_id");
CREATE INDEX IF NOT EXISTS "auth_user_user_permissions_permission_id_1fbb5f2c" ON "auth_user_user_permissions" ("permission_id");
CREATE INDEX IF NOT EXISTS "django_admin_log_content_type_id_c4bce8eb" ON "django_admin_log" ("content_type_id");
CREATE INDEX IF NOT EXISTS "django_admin_log_user_id_c564eba6" ON "django_admin_log" ("user_id");
CREATE UNIQUE INDEX "django_content_type_app_label_model_76bd3d3b_uniq" ON "django_content_type" ("app_label", "model");
CREATE UNIQUE INDEX "auth_permission_content_type_id_codename_01ab375a_uniq" ON "auth_permission" ("content_type_id", "codename");
CREATE INDEX IF NOT EXISTS "auth_permission_content_type_id_2f476e4b" ON "auth_permission" ("content_type_id");
CREATE INDEX IF NOT EXISTS "django_session_expire_date_a5c62663" ON "django_session" ("expire_date");
CREATE INDEX IF NOT EXISTS "messenger_message_user_id_44204cf3" ON "messenger_message" ("user_id");
CREATE UNIQUE INDEX "messenger_thread_messages_thread_id_message_id_bb58b3ca_uniq" ON "messenger_thread_messages" ("thread_id", "message_id");
CREATE INDEX IF NOT EXISTS "messenger_thread_messages_thread_id_a70e3887" ON "messenger_thread_messages" ("thread_id");
CREATE INDEX IF NOT EXISTS "messenger_thread_messages_message_id_e4d4b7af" ON "messenger_thread_messages" ("message_id");
CREATE UNIQUE INDEX "messenger_thread_users_thread_id_user_id_d8023aff_uniq" ON "messenger_thread_users" ("thread_id", "user_id");
CREATE INDEX IF NOT EXISTS "messenger_thread_users_thread_id_8c4fd4f2" ON "messenger_thread_users" ("thread_id");
CREATE INDEX IF NOT EXISTS "messenger_thread_users_user_id_008b18f6" ON "messenger_thread_users" ("user_id");
CREATE UNIQUE INDEX "pages_page_categories_page_id_category_id_d447e277_uniq" ON "pages_page_categories" ("page_id", "category_id");
CREATE INDEX IF NOT EXISTS "pages_page_categories_page_id_969a5738" ON "pages_page_categories" ("page_id");
CREATE INDEX IF NOT EXISTS "pages_page_categories_category_id_8ce9a4bd" ON "pages_page_categories" ("category_id");
CREATE UNIQUE INDEX "registration_profile_categories_profile_id_category_id_9cb0cd57_uniq" ON "registration_profile_categories" ("profile_id", "category_id");
CREATE INDEX IF NOT EXISTS "registration_profile_categories_profile_id_22c51686" ON "registration_profile_categories" ("profile_id");
CREATE INDEX IF NOT EXISTS "registration_profile_categories_category_id_383a9cd3" ON "registration_profile_categories" ("category_id");
CREATE INDEX IF NOT EXISTS "registration_profile_provincia_id_c6712ebe" ON "registration_profile" ("provincia_id");
CREATE UNIQUE INDEX "pages_subscription_pages_subscription_id_page_id_f255c3ff_uniq" ON "pages_subscription_pages" ("subscription_id", "page_id");
CREATE INDEX IF NOT EXISTS "pages_subscription_pages_subscription_id_2c5b6b19" ON "pages_subscription_pages" ("subscription_id");
CREATE INDEX IF NOT EXISTS "pages_subscription_pages_page_id_14b085a2" ON "pages_subscription_pages" ("page_id");
CREATE INDEX IF NOT EXISTS "pages_page_dia_id_254dbe88" ON "pages_page" ("dia_id");
CREATE INDEX IF NOT EXISTS "pages_historial_page_id_55e4e036" ON "pages_historial" ("page_id");
CREATE UNIQUE INDEX "pages_historial_anotados_historial_id_user_id_37a6c63e_uniq" ON "pages_historial_anotados" ("historial_id", "user_id");
CREATE INDEX IF NOT EXISTS "pages_historial_anotados_historial_id_98960092" ON "pages_historial_anotados" ("historial_id");
CREATE INDEX IF NOT EXISTS "pages_historial_anotados_user_id_d557c3cf" ON "pages_historial_anotados" ("user_id");
CREATE UNIQUE INDEX "pages_historial_asistencias_historial_id_user_id_c0f61da1_uniq" ON "pages_historial_asistencias" ("historial_id", "user_id");
CREATE INDEX IF NOT EXISTS "pages_historial_asistencias_historial_id_029f2653" ON "pages_historial_asistencias" ("historial_id");
CREATE INDEX IF NOT EXISTS "pages_historial_asistencias_user_id_d807424c" ON "pages_historial_asistencias" ("user_id");
CREATE TABLE IF NOT EXISTS "pages_page" ("id" integer NOT NULL PRIMARY KEY AUTOINCREMENT, "title" varchar(200) NOT NULL, "created" datetime NULL, "updated" datetime NULL, "cupo" smallint NOT NULL, "modalidad" bool NOT NULL, "flyer" varchar(100) NULL, "description" text NULL, "nuevo" bool NOT NULL, "suspendida" bool NOT NULL, "horaDesde" smallint NULL, "horaHasta" smallint NULL, "dia_id" integer NULL REFERENCES "pages_day" ("id") DEFERRABLE INITIALLY DEFERRED);
INSERT INTO "pages_page" VALUES(1,'Yoga en el jardín','2021-04-04 19:44:46.777448','2021-07-02 01:00:00.081311',10,0,'','',0,0,17,18,2);
INSERT INTO "pages_page" VALUES(2,'Entrenamiento Funcional','2021-04-04 19:45:10.693018','2021-07-02 20:01:14.439468',5,0,'pages/Funcional1_9Il2RO5.JPG','<p>En verano🥵 es necesario ser parte de un equipo que te motive para seguir entrenando!!🤜🤛<br />
Sumate a esta propuesta de Shnkn &amp; Hillel en la que no vas a parar de moverte, descargar tensiones y renovar energías.💪<br />
&iexcl;Te esperamos en&nbsp;<a href="https://www.instagram.com/explore/tags/entrenamientofuncional/" tabindex="0">#entrenamientofuncional</a>&nbsp;!<br />
<br />
🏋️&zwj;♀️ Profesora Magali Grinkaut<br />
<br />
🗓 MARTES 15 &bull; 18.00 Hs &bull; Hillel Buenos Aires<br />
<br />
Cupos limitados ❗ Reservá tu lugar por DM 📩<br />
<br />
- Actividad para j&oacute;venes de 18 a 30 -</p>',0,0,18,19,1);
INSERT INTO "pages_page" VALUES(8,'Krav Maga','2021-06-20 04:39:37.762680','2021-07-02 00:59:49.031740',10,0,'pages/Funcional1.JPG','',1,0,18,19,2);
INSERT INTO "pages_page" VALUES(9,'Mosaiquismo y Vitrofusión','2021-06-20 04:53:14.655328','2021-07-02 01:00:14.835146',10,0,'','',0,0,18,20,3);
INSERT INTO "pages_page" VALUES(10,'Speaking Club','2021-06-20 04:53:38.629991','2021-07-02 00:59:38.212771',10,0,'','',0,0,18,19,3);
INSERT INTO "pages_page" VALUES(11,'Actualidad Israeli','2021-06-29 15:06:11.920329','2021-07-02 01:00:08.851873',0,1,'pages/actualidad_israeli.JPG','<p>Se vienen 2️⃣ encuentros 𝘃𝗶𝗿𝘁𝘂𝗮𝗹𝗲𝘀 con un mont&oacute;n de herramientas para defender tu postura desde la mirada y experiencia de Matias Sakkal🙌, autor de &ldquo;Con Israel y por la paz&rdquo;.🇮🇱<br />
<br />
📆 LUNES 28/6 y 5/7<br />
⏰ 19 HS.<br />
✔️LINK DE INSCRIPCI&Oacute;N EN BIO<br />
<br />
- Actividad para j&oacute;venes de 18 a 30 a&ntilde;os-<br />
<br />
<a href="https://www.instagram.com/explore/tags/israel/" tabindex="0">#israel</a>&nbsp;<a href="https://www.instagram.com/explore/tags/paz/" tabindex="0">#paz</a>&nbsp;<a href="https://www.instagram.com/explore/tags/peace/" tabindex="0">#peace</a>&nbsp;<a href="https://www.instagram.com/explore/tags/derechointernacional/" tabindex="0">#derechointernacional</a>&nbsp;<a href="https://www.instagram.com/explore/tags/politica/" tabindex="0">#politica</a>&nbsp;<a href="https://www.instagram.com/explore/tags/conisraelyporlapaz/" tabindex="0">#conisraelyporlapaz</a></p>',1,0,19,20,1);
INSERT INTO "pages_page" VALUES(12,'Yoga Online','2021-06-29 15:07:46.114300','2021-07-02 02:07:01.548990',0,1,'pages/yoga1.JPG','<p>Tenemos todo lo que necesit&aacute;s para cerrar bien tus lunes💥Tra&eacute; tu mejor joggineta que arranca 𝗬𝗢𝗚𝗔!<br />
<br />
📆 Lunes | ⏰ 19 hs a 20 hs | 🏡 Hillel<br />
🧘&zwj;♀️Junto a&nbsp;<a href="https://www.instagram.com/stephiyoga/" tabindex="0">@stephiyoga</a><br />
<br />
👉Inicia: Lunes 05/04<br />
<br />
❗CUPOS LIMITADOS ✔️Para todos los niveles!<br />
<br />
- Exclusivo para j&oacute;venes jud&iacute;os/as de 18 a 30 a&ntilde;os -<br />
<br />
<a href="https://www.instagram.com/explore/tags/yoga/" tabindex="0">#yoga</a></p>',1,0,19,20,4);
INSERT INTO "pages_page" VALUES(13,'Coworking - 2 días','2021-07-02 00:52:38.203677','2021-07-02 02:06:35.002343',10,0,'pages/coworking3.JPG','<p>Te esperamos en el mejor 𝗖𝗢𝗪𝗢𝗥𝗞𝗜𝗡𝗚 veraniego!🧑&zwj;💻🩲👙🍻<br />
Vení a estudiar, laburar, tener reuniones, piletear o a lo que quieras y disfrutá de estos espacios y beneficios:<br />
<br />
𝗘𝗦𝗣𝗔𝗖𝗜𝗢𝗦<br />
👩&zwj;💻Para trabajar al aire libre y en espacios cerrados<br />
👥Salas de reuniones<br />
💦Pileta y Solarium<br />
🏓Playroom<br />
😴Siestario<br />
<br />
𝗕𝗘𝗡𝗘𝗙𝗜𝗖𝗜𝗢𝗦<br />
🌐WiFi<br />
🍿Snacks y bebidas<br />
🧘Pausas activas<br />
🥙Almuerzos &quot;sorpresa&quot;<br />
🍹After<br />
🔥Fogones<br />
🗣Charlas<br />
🚀Capacitaciones y Workshops<br />
<br />
𝗜𝗡𝗜𝗖𝗜𝗔: LUNES 04/01/2021<br />
<br />
Cupos limitados ❗ Reservá tu lugar<br />
<br />
- Espacio SIN COSTO - Exclusivo para jóvenes de 18 a 30 años -</p>',0,0,9,18,8);
INSERT INTO "pages_page" VALUES(14,'Coworking - 3 días','2021-07-02 01:18:22.700928','2021-07-02 01:18:51.446387',10,0,'pages/coworking1.JPG','<p>Te esperamos en el mejor 𝗖𝗢𝗪𝗢𝗥𝗞𝗜𝗡𝗚 veraniego!🧑&zwj;💻🩲👙🍻<br />
Vení a estudiar, laburar, tener reuniones, piletear o a lo que quieras y disfrutá de estos espacios y beneficios:<br />
<br />
𝗘𝗦𝗣𝗔𝗖𝗜𝗢𝗦<br />
👩&zwj;💻Para trabajar al aire libre y en espacios cerrados<br />
👥Salas de reuniones<br />
💦Pileta y Solarium<br />
🏓Playroom<br />
😴Siestario<br />
<br />
𝗕𝗘𝗡𝗘𝗙𝗜𝗖𝗜𝗢𝗦<br />
🌐WiFi<br />
🍿Snacks y bebidas<br />
🧘Pausas activas<br />
🥙Almuerzos &quot;sorpresa&quot;<br />
🍹After<br />
🔥Fogones<br />
🗣Charlas<br />
🚀Capacitaciones y Workshops<br />
<br />
𝗜𝗡𝗜𝗖𝗜𝗔: LUNES 04/01/2021<br />
<br />
Cupos limitados ❗ Reservá tu lugar<br />
<br />
- Espacio SIN COSTO - Exclusivo para jóvenes de 18 a 30 años -</p>',0,0,9,18,8);
CREATE UNIQUE INDEX "auth_group_permissions_group_id_permission_id_0cd325b0_uniq" ON "auth_group_permissions" ("group_id", "permission_id");
CREATE INDEX IF NOT EXISTS "auth_group_permissions_group_id_b120cbf9" ON "auth_group_permissions" ("group_id");
CREATE INDEX IF NOT EXISTS "auth_group_permissions_permission_id_84c5c92e" ON "auth_group_permissions" ("permission_id");
CREATE UNIQUE INDEX "auth_user_groups_user_id_group_id_94350c0c_uniq" ON "auth_user_groups" ("user_id", "group_id");
CREATE INDEX IF NOT EXISTS "auth_user_groups_user_id_6a12ed8b" ON "auth_user_groups" ("user_id");
CREATE INDEX IF NOT EXISTS "auth_user_groups_group_id_97559544" ON "auth_user_groups" ("group_id");
CREATE UNIQUE INDEX "auth_user_user_permissions_user_id_permission_id_14a6b632_uniq" ON "auth_user_user_permissions" ("user_id", "permission_id");
CREATE INDEX IF NOT EXISTS "auth_user_user_permissions_user_id_a95ead1b" ON "auth_user_user_permissions" ("user_id");
CREATE INDEX IF NOT EXISTS "auth_user_user_permissions_permission_id_1fbb5f2c" ON "auth_user_user_permissions" ("permission_id");
CREATE INDEX IF NOT EXISTS "django_admin_log_content_type_id_c4bce8eb" ON "django_admin_log" ("content_type_id");
CREATE INDEX IF NOT EXISTS "django_admin_log_user_id_c564eba6" ON "django_admin_log" ("user_id");
CREATE UNIQUE INDEX "django_content_type_app_label_model_76bd3d3b_uniq" ON "django_content_type" ("app_label", "model");
CREATE UNIQUE INDEX "auth_permission_content_type_id_codename_01ab375a_uniq" ON "auth_permission" ("content_type_id", "codename");
CREATE INDEX IF NOT EXISTS "auth_permission_content_type_id_2f476e4b" ON "auth_permission" ("content_type_id");
CREATE INDEX IF NOT EXISTS "django_session_expire_date_a5c62663" ON "django_session" ("expire_date");
CREATE INDEX IF NOT EXISTS "messenger_message_user_id_44204cf3" ON "messenger_message" ("user_id");
CREATE UNIQUE INDEX "messenger_thread_messages_thread_id_message_id_bb58b3ca_uniq" ON "messenger_thread_messages" ("thread_id", "message_id");
CREATE INDEX IF NOT EXISTS "messenger_thread_messages_thread_id_a70e3887" ON "messenger_thread_messages" ("thread_id");
CREATE INDEX IF NOT EXISTS "messenger_thread_messages_message_id_e4d4b7af" ON "messenger_thread_messages" ("message_id");
CREATE UNIQUE INDEX "messenger_thread_users_thread_id_user_id_d8023aff_uniq" ON "messenger_thread_users" ("thread_id", "user_id");
CREATE INDEX IF NOT EXISTS "messenger_thread_users_thread_id_8c4fd4f2" ON "messenger_thread_users" ("thread_id");
CREATE INDEX IF NOT EXISTS "messenger_thread_users_user_id_008b18f6" ON "messenger_thread_users" ("user_id");
CREATE UNIQUE INDEX "pages_page_categories_page_id_category_id_d447e277_uniq" ON "pages_page_categories" ("page_id", "category_id");
CREATE INDEX IF NOT EXISTS "pages_page_categories_page_id_969a5738" ON "pages_page_categories" ("page_id");
CREATE INDEX IF NOT EXISTS "pages_page_categories_category_id_8ce9a4bd" ON "pages_page_categories" ("category_id");
CREATE UNIQUE INDEX "registration_profile_categories_profile_id_category_id_9cb0cd57_uniq" ON "registration_profile_categories" ("profile_id", "category_id");
CREATE INDEX IF NOT EXISTS "registration_profile_categories_profile_id_22c51686" ON "registration_profile_categories" ("profile_id");
CREATE INDEX IF NOT EXISTS "registration_profile_categories_category_id_383a9cd3" ON "registration_profile_categories" ("category_id");
CREATE INDEX IF NOT EXISTS "registration_profile_provincia_id_c6712ebe" ON "registration_profile" ("provincia_id");
CREATE UNIQUE INDEX "pages_subscription_pages_subscription_id_page_id_f255c3ff_uniq" ON "pages_subscription_pages" ("subscription_id", "page_id");
CREATE INDEX IF NOT EXISTS "pages_subscription_pages_subscription_id_2c5b6b19" ON "pages_subscription_pages" ("subscription_id");
CREATE INDEX IF NOT EXISTS "pages_subscription_pages_page_id_14b085a2" ON "pages_subscription_pages" ("page_id");
CREATE INDEX IF NOT EXISTS "pages_page_dia_id_254dbe88" ON "pages_page" ("dia_id");
CREATE INDEX IF NOT EXISTS "pages_historial_page_id_55e4e036" ON "pages_historial" ("page_id");
CREATE UNIQUE INDEX "pages_historial_anotados_historial_id_user_id_37a6c63e_uniq" ON "pages_historial_anotados" ("historial_id", "user_id");
CREATE INDEX IF NOT EXISTS "pages_historial_anotados_historial_id_98960092" ON "pages_historial_anotados" ("historial_id");
CREATE INDEX IF NOT EXISTS "pages_historial_anotados_user_id_d557c3cf" ON "pages_historial_anotados" ("user_id");
CREATE UNIQUE INDEX "pages_historial_asistencias_historial_id_user_id_c0f61da1_uniq" ON "pages_historial_asistencias" ("historial_id", "user_id");
CREATE INDEX IF NOT EXISTS "pages_historial_asistencias_historial_id_029f2653" ON "pages_historial_asistencias" ("historial_id");
CREATE INDEX IF NOT EXISTS "pages_historial_asistencias_user_id_d807424c" ON "pages_historial_asistencias" ("user_id");
CREATE TABLE IF NOT EXISTS "pages_page_categories" ("id" integer NOT NULL PRIMARY KEY AUTOINCREMENT, "page_id" integer NOT NULL REFERENCES "pages_page" ("id") DEFERRABLE INITIALLY DEFERRED, "category_id" integer NOT NULL REFERENCES "pages_category" ("id") DEFERRABLE INITIALLY DEFERRED);
INSERT INTO "pages_page_categories" VALUES(1,2,1);
INSERT INTO "pages_page_categories" VALUES(2,8,1);
INSERT INTO "pages_page_categories" VALUES(3,1,5);
INSERT INTO "pages_page_categories" VALUES(4,1,7);
INSERT INTO "pages_page_categories" VALUES(7,2,5);
INSERT INTO "pages_page_categories" VALUES(8,8,11);
INSERT INTO "pages_page_categories" VALUES(9,8,6);
INSERT INTO "pages_page_categories" VALUES(10,10,2);
INSERT INTO "pages_page_categories" VALUES(11,10,12);
INSERT INTO "pages_page_categories" VALUES(12,9,10);
INSERT INTO "pages_page_categories" VALUES(13,9,3);
INSERT INTO "pages_page_categories" VALUES(14,10,10);
INSERT INTO "pages_page_categories" VALUES(17,11,4);
INSERT INTO "pages_page_categories" VALUES(18,11,6);
INSERT INTO "pages_page_categories" VALUES(19,12,5);
INSERT INTO "pages_page_categories" VALUES(20,12,7);
INSERT INTO "pages_page_categories" VALUES(21,13,13);
INSERT INTO "pages_page_categories" VALUES(22,14,13);
CREATE UNIQUE INDEX "auth_group_permissions_group_id_permission_id_0cd325b0_uniq" ON "auth_group_permissions" ("group_id", "permission_id");
CREATE INDEX IF NOT EXISTS "auth_group_permissions_group_id_b120cbf9" ON "auth_group_permissions" ("group_id");
CREATE INDEX IF NOT EXISTS "auth_group_permissions_permission_id_84c5c92e" ON "auth_group_permissions" ("permission_id");
CREATE UNIQUE INDEX "auth_user_groups_user_id_group_id_94350c0c_uniq" ON "auth_user_groups" ("user_id", "group_id");
CREATE INDEX IF NOT EXISTS "auth_user_groups_user_id_6a12ed8b" ON "auth_user_groups" ("user_id");
CREATE INDEX IF NOT EXISTS "auth_user_groups_group_id_97559544" ON "auth_user_groups" ("group_id");
CREATE UNIQUE INDEX "auth_user_user_permissions_user_id_permission_id_14a6b632_uniq" ON "auth_user_user_permissions" ("user_id", "permission_id");
CREATE INDEX IF NOT EXISTS "auth_user_user_permissions_user_id_a95ead1b" ON "auth_user_user_permissions" ("user_id");
CREATE INDEX IF NOT EXISTS "auth_user_user_permissions_permission_id_1fbb5f2c" ON "auth_user_user_permissions" ("permission_id");
CREATE INDEX IF NOT EXISTS "django_admin_log_content_type_id_c4bce8eb" ON "django_admin_log" ("content_type_id");
CREATE INDEX IF NOT EXISTS "django_admin_log_user_id_c564eba6" ON "django_admin_log" ("user_id");
CREATE UNIQUE INDEX "django_content_type_app_label_model_76bd3d3b_uniq" ON "django_content_type" ("app_label", "model");
CREATE UNIQUE INDEX "auth_permission_content_type_id_codename_01ab375a_uniq" ON "auth_permission" ("content_type_id", "codename");
CREATE INDEX IF NOT EXISTS "auth_permission_content_type_id_2f476e4b" ON "auth_permission" ("content_type_id");
CREATE INDEX IF NOT EXISTS "django_session_expire_date_a5c62663" ON "django_session" ("expire_date");
CREATE INDEX IF NOT EXISTS "messenger_message_user_id_44204cf3" ON "messenger_message" ("user_id");
CREATE UNIQUE INDEX "messenger_thread_messages_thread_id_message_id_bb58b3ca_uniq" ON "messenger_thread_messages" ("thread_id", "message_id");
CREATE INDEX IF NOT EXISTS "messenger_thread_messages_thread_id_a70e3887" ON "messenger_thread_messages" ("thread_id");
CREATE INDEX IF NOT EXISTS "messenger_thread_messages_message_id_e4d4b7af" ON "messenger_thread_messages" ("message_id");
CREATE UNIQUE INDEX "messenger_thread_users_thread_id_user_id_d8023aff_uniq" ON "messenger_thread_users" ("thread_id", "user_id");
CREATE INDEX IF NOT EXISTS "messenger_thread_users_thread_id_8c4fd4f2" ON "messenger_thread_users" ("thread_id");
CREATE INDEX IF NOT EXISTS "messenger_thread_users_user_id_008b18f6" ON "messenger_thread_users" ("user_id");
CREATE UNIQUE INDEX "pages_page_categories_page_id_category_id_d447e277_uniq" ON "pages_page_categories" ("page_id", "category_id");
CREATE INDEX IF NOT EXISTS "pages_page_categories_page_id_969a5738" ON "pages_page_categories" ("page_id");
CREATE INDEX IF NOT EXISTS "pages_page_categories_category_id_8ce9a4bd" ON "pages_page_categories" ("category_id");
CREATE UNIQUE INDEX "registration_profile_categories_profile_id_category_id_9cb0cd57_uniq" ON "registration_profile_categories" ("profile_id", "category_id");
CREATE INDEX IF NOT EXISTS "registration_profile_categories_profile_id_22c51686" ON "registration_profile_categories" ("profile_id");
CREATE INDEX IF NOT EXISTS "registration_profile_categories_category_id_383a9cd3" ON "registration_profile_categories" ("category_id");
CREATE INDEX IF NOT EXISTS "registration_profile_provincia_id_c6712ebe" ON "registration_profile" ("provincia_id");
CREATE UNIQUE INDEX "pages_subscription_pages_subscription_id_page_id_f255c3ff_uniq" ON "pages_subscription_pages" ("subscription_id", "page_id");
CREATE INDEX IF NOT EXISTS "pages_subscription_pages_subscription_id_2c5b6b19" ON "pages_subscription_pages" ("subscription_id");
CREATE INDEX IF NOT EXISTS "pages_subscription_pages_page_id_14b085a2" ON "pages_subscription_pages" ("page_id");
CREATE INDEX IF NOT EXISTS "pages_page_dia_id_254dbe88" ON "pages_page" ("dia_id");
CREATE INDEX IF NOT EXISTS "pages_historial_page_id_55e4e036" ON "pages_historial" ("page_id");
CREATE UNIQUE INDEX "pages_historial_anotados_historial_id_user_id_37a6c63e_uniq" ON "pages_historial_anotados" ("historial_id", "user_id");
CREATE INDEX IF NOT EXISTS "pages_historial_anotados_historial_id_98960092" ON "pages_historial_anotados" ("historial_id");
CREATE INDEX IF NOT EXISTS "pages_historial_anotados_user_id_d557c3cf" ON "pages_historial_anotados" ("user_id");
CREATE UNIQUE INDEX "pages_historial_asistencias_historial_id_user_id_c0f61da1_uniq" ON "pages_historial_asistencias" ("historial_id", "user_id");
CREATE INDEX IF NOT EXISTS "pages_historial_asistencias_historial_id_029f2653" ON "pages_historial_asistencias" ("historial_id");
CREATE INDEX IF NOT EXISTS "pages_historial_asistencias_user_id_d807424c" ON "pages_historial_asistencias" ("user_id");
CREATE TABLE IF NOT EXISTS "pages_subscription" ("id" integer NOT NULL PRIMARY KEY AUTOINCREMENT, "user_id" integer NULL UNIQUE REFERENCES "auth_user" ("id") DEFERRABLE INITIALLY DEFERRED, "created" datetime NULL, "updated" datetime NULL);
INSERT INTO "pages_subscription" VALUES(122,1,'2021-06-28 15:51:48.029999','2021-07-01 15:38:21.268983');
INSERT INTO "pages_subscription" VALUES(123,14,'2021-06-28 15:51:48.029999','2021-06-28 02:08:41.588813');
INSERT INTO "pages_subscription" VALUES(124,16,'2021-06-28 15:51:48.029999','2021-06-28 02:08:48.483754');
INSERT INTO "pages_subscription" VALUES(125,17,'2021-06-28 15:51:48.029999','2021-06-28 02:09:23.317453');
INSERT INTO "pages_subscription" VALUES(126,18,'2021-06-28 15:51:48.029999','2021-06-28 02:09:44.409667');
INSERT INTO "pages_subscription" VALUES(127,19,'2021-06-28 15:51:48.029999','2021-06-28 02:09:58.446147');
CREATE UNIQUE INDEX "auth_group_permissions_group_id_permission_id_0cd325b0_uniq" ON "auth_group_permissions" ("group_id", "permission_id");
CREATE INDEX IF NOT EXISTS "auth_group_permissions_group_id_b120cbf9" ON "auth_group_permissions" ("group_id");
CREATE INDEX IF NOT EXISTS "auth_group_permissions_permission_id_84c5c92e" ON "auth_group_permissions" ("permission_id");
CREATE UNIQUE INDEX "auth_user_groups_user_id_group_id_94350c0c_uniq" ON "auth_user_groups" ("user_id", "group_id");
CREATE INDEX IF NOT EXISTS "auth_user_groups_user_id_6a12ed8b" ON "auth_user_groups" ("user_id");
CREATE INDEX IF NOT EXISTS "auth_user_groups_group_id_97559544" ON "auth_user_groups" ("group_id");
CREATE UNIQUE INDEX "auth_user_user_permissions_user_id_permission_id_14a6b632_uniq" ON "auth_user_user_permissions" ("user_id", "permission_id");
CREATE INDEX IF NOT EXISTS "auth_user_user_permissions_user_id_a95ead1b" ON "auth_user_user_permissions" ("user_id");
CREATE INDEX IF NOT EXISTS "auth_user_user_permissions_permission_id_1fbb5f2c" ON "auth_user_user_permissions" ("permission_id");
CREATE INDEX IF NOT EXISTS "django_admin_log_content_type_id_c4bce8eb" ON "django_admin_log" ("content_type_id");
CREATE INDEX IF NOT EXISTS "django_admin_log_user_id_c564eba6" ON "django_admin_log" ("user_id");
CREATE UNIQUE INDEX "django_content_type_app_label_model_76bd3d3b_uniq" ON "django_content_type" ("app_label", "model");
CREATE UNIQUE INDEX "auth_permission_content_type_id_codename_01ab375a_uniq" ON "auth_permission" ("content_type_id", "codename");
CREATE INDEX IF NOT EXISTS "auth_permission_content_type_id_2f476e4b" ON "auth_permission" ("content_type_id");
CREATE INDEX IF NOT EXISTS "django_session_expire_date_a5c62663" ON "django_session" ("expire_date");
CREATE INDEX IF NOT EXISTS "messenger_message_user_id_44204cf3" ON "messenger_message" ("user_id");
CREATE UNIQUE INDEX "messenger_thread_messages_thread_id_message_id_bb58b3ca_uniq" ON "messenger_thread_messages" ("thread_id", "message_id");
CREATE INDEX IF NOT EXISTS "messenger_thread_messages_thread_id_a70e3887" ON "messenger_thread_messages" ("thread_id");
CREATE INDEX IF NOT EXISTS "messenger_thread_messages_message_id_e4d4b7af" ON "messenger_thread_messages" ("message_id");
CREATE UNIQUE INDEX "messenger_thread_users_thread_id_user_id_d8023aff_uniq" ON "messenger_thread_users" ("thread_id", "user_id");
CREATE INDEX IF NOT EXISTS "messenger_thread_users_thread_id_8c4fd4f2" ON "messenger_thread_users" ("thread_id");
CREATE INDEX IF NOT EXISTS "messenger_thread_users_user_id_008b18f6" ON "messenger_thread_users" ("user_id");
CREATE UNIQUE INDEX "pages_page_categories_page_id_category_id_d447e277_uniq" ON "pages_page_categories" ("page_id", "category_id");
CREATE INDEX IF NOT EXISTS "pages_page_categories_page_id_969a5738" ON "pages_page_categories" ("page_id");
CREATE INDEX IF NOT EXISTS "pages_page_categories_category_id_8ce9a4bd" ON "pages_page_categories" ("category_id");
CREATE UNIQUE INDEX "registration_profile_categories_profile_id_category_id_9cb0cd57_uniq" ON "registration_profile_categories" ("profile_id", "category_id");
CREATE INDEX IF NOT EXISTS "registration_profile_categories_profile_id_22c51686" ON "registration_profile_categories" ("profile_id");
CREATE INDEX IF NOT EXISTS "registration_profile_categories_category_id_383a9cd3" ON "registration_profile_categories" ("category_id");
CREATE INDEX IF NOT EXISTS "registration_profile_provincia_id_c6712ebe" ON "registration_profile" ("provincia_id");
CREATE UNIQUE INDEX "pages_subscription_pages_subscription_id_page_id_f255c3ff_uniq" ON "pages_subscription_pages" ("subscription_id", "page_id");
CREATE INDEX IF NOT EXISTS "pages_subscription_pages_subscription_id_2c5b6b19" ON "pages_subscription_pages" ("subscription_id");
CREATE INDEX IF NOT EXISTS "pages_subscription_pages_page_id_14b085a2" ON "pages_subscription_pages" ("page_id");
CREATE INDEX IF NOT EXISTS "pages_page_dia_id_254dbe88" ON "pages_page" ("dia_id");
CREATE INDEX IF NOT EXISTS "pages_historial_page_id_55e4e036" ON "pages_historial" ("page_id");
CREATE UNIQUE INDEX "pages_historial_anotados_historial_id_user_id_37a6c63e_uniq" ON "pages_historial_anotados" ("historial_id", "user_id");
CREATE INDEX IF NOT EXISTS "pages_historial_anotados_historial_id_98960092" ON "pages_historial_anotados" ("historial_id");
CREATE INDEX IF NOT EXISTS "pages_historial_anotados_user_id_d557c3cf" ON "pages_historial_anotados" ("user_id");
CREATE UNIQUE INDEX "pages_historial_asistencias_historial_id_user_id_c0f61da1_uniq" ON "pages_historial_asistencias" ("historial_id", "user_id");
CREATE INDEX IF NOT EXISTS "pages_historial_asistencias_historial_id_029f2653" ON "pages_historial_asistencias" ("historial_id");
CREATE INDEX IF NOT EXISTS "pages_historial_asistencias_user_id_d807424c" ON "pages_historial_asistencias" ("user_id");
CREATE TABLE IF NOT EXISTS "pages_subscription_pages" ("id" integer NOT NULL PRIMARY KEY AUTOINCREMENT, "subscription_id" integer NOT NULL REFERENCES "pages_subscription" ("id") DEFERRABLE INITIALLY DEFERRED, "page_id" integer NOT NULL REFERENCES "pages_page" ("id") DEFERRABLE INITIALLY DEFERRED);
INSERT INTO "pages_subscription_pages" VALUES(114,123,2);
INSERT INTO "pages_subscription_pages" VALUES(116,125,2);
INSERT INTO "pages_subscription_pages" VALUES(117,126,2);
INSERT INTO "pages_subscription_pages" VALUES(118,127,2);
INSERT INTO "pages_subscription_pages" VALUES(139,122,11);
INSERT INTO "pages_subscription_pages" VALUES(140,122,12);
INSERT INTO "pages_subscription_pages" VALUES(141,122,8);
INSERT INTO "pages_subscription_pages" VALUES(143,122,10);
INSERT INTO "pages_subscription_pages" VALUES(148,122,1);
INSERT INTO "pages_subscription_pages" VALUES(153,122,9);
INSERT INTO "pages_subscription_pages" VALUES(174,122,14);
INSERT INTO "pages_subscription_pages" VALUES(175,124,11);
INSERT INTO "pages_subscription_pages" VALUES(178,124,2);
CREATE UNIQUE INDEX "auth_group_permissions_group_id_permission_id_0cd325b0_uniq" ON "auth_group_permissions" ("group_id", "permission_id");
CREATE INDEX IF NOT EXISTS "auth_group_permissions_group_id_b120cbf9" ON "auth_group_permissions" ("group_id");
CREATE INDEX IF NOT EXISTS "auth_group_permissions_permission_id_84c5c92e" ON "auth_group_permissions" ("permission_id");
CREATE UNIQUE INDEX "auth_user_groups_user_id_group_id_94350c0c_uniq" ON "auth_user_groups" ("user_id", "group_id");
CREATE INDEX IF NOT EXISTS "auth_user_groups_user_id_6a12ed8b" ON "auth_user_groups" ("user_id");
CREATE INDEX IF NOT EXISTS "auth_user_groups_group_id_97559544" ON "auth_user_groups" ("group_id");
CREATE UNIQUE INDEX "auth_user_user_permissions_user_id_permission_id_14a6b632_uniq" ON "auth_user_user_permissions" ("user_id", "permission_id");
CREATE INDEX IF NOT EXISTS "auth_user_user_permissions_user_id_a95ead1b" ON "auth_user_user_permissions" ("user_id");
CREATE INDEX IF NOT EXISTS "auth_user_user_permissions_permission_id_1fbb5f2c" ON "auth_user_user_permissions" ("permission_id");
CREATE INDEX IF NOT EXISTS "django_admin_log_content_type_id_c4bce8eb" ON "django_admin_log" ("content_type_id");
CREATE INDEX IF NOT EXISTS "django_admin_log_user_id_c564eba6" ON "django_admin_log" ("user_id");
CREATE UNIQUE INDEX "django_content_type_app_label_model_76bd3d3b_uniq" ON "django_content_type" ("app_label", "model");
CREATE UNIQUE INDEX "auth_permission_content_type_id_codename_01ab375a_uniq" ON "auth_permission" ("content_type_id", "codename");
CREATE INDEX IF NOT EXISTS "auth_permission_content_type_id_2f476e4b" ON "auth_permission" ("content_type_id");
CREATE INDEX IF NOT EXISTS "django_session_expire_date_a5c62663" ON "django_session" ("expire_date");
CREATE INDEX IF NOT EXISTS "messenger_message_user_id_44204cf3" ON "messenger_message" ("user_id");
CREATE UNIQUE INDEX "messenger_thread_messages_thread_id_message_id_bb58b3ca_uniq" ON "messenger_thread_messages" ("thread_id", "message_id");
CREATE INDEX IF NOT EXISTS "messenger_thread_messages_thread_id_a70e3887" ON "messenger_thread_messages" ("thread_id");
CREATE INDEX IF NOT EXISTS "messenger_thread_messages_message_id_e4d4b7af" ON "messenger_thread_messages" ("message_id");
CREATE UNIQUE INDEX "messenger_thread_users_thread_id_user_id_d8023aff_uniq" ON "messenger_thread_users" ("thread_id", "user_id");
CREATE INDEX IF NOT EXISTS "messenger_thread_users_thread_id_8c4fd4f2" ON "messenger_thread_users" ("thread_id");
CREATE INDEX IF NOT EXISTS "messenger_thread_users_user_id_008b18f6" ON "messenger_thread_users" ("user_id");
CREATE UNIQUE INDEX "pages_page_categories_page_id_category_id_d447e277_uniq" ON "pages_page_categories" ("page_id", "category_id");
CREATE INDEX IF NOT EXISTS "pages_page_categories_page_id_969a5738" ON "pages_page_categories" ("page_id");
CREATE INDEX IF NOT EXISTS "pages_page_categories_category_id_8ce9a4bd" ON "pages_page_categories" ("category_id");
CREATE UNIQUE INDEX "registration_profile_categories_profile_id_category_id_9cb0cd57_uniq" ON "registration_profile_categories" ("profile_id", "category_id");
CREATE INDEX IF NOT EXISTS "registration_profile_categories_profile_id_22c51686" ON "registration_profile_categories" ("profile_id");
CREATE INDEX IF NOT EXISTS "registration_profile_categories_category_id_383a9cd3" ON "registration_profile_categories" ("category_id");
CREATE INDEX IF NOT EXISTS "registration_profile_provincia_id_c6712ebe" ON "registration_profile" ("provincia_id");
CREATE UNIQUE INDEX "pages_subscription_pages_subscription_id_page_id_f255c3ff_uniq" ON "pages_subscription_pages" ("subscription_id", "page_id");
CREATE INDEX IF NOT EXISTS "pages_subscription_pages_subscription_id_2c5b6b19" ON "pages_subscription_pages" ("subscription_id");
CREATE INDEX IF NOT EXISTS "pages_subscription_pages_page_id_14b085a2" ON "pages_subscription_pages" ("page_id");
CREATE INDEX IF NOT EXISTS "pages_page_dia_id_254dbe88" ON "pages_page" ("dia_id");
CREATE INDEX IF NOT EXISTS "pages_historial_page_id_55e4e036" ON "pages_historial" ("page_id");
CREATE UNIQUE INDEX "pages_historial_anotados_historial_id_user_id_37a6c63e_uniq" ON "pages_historial_anotados" ("historial_id", "user_id");
CREATE INDEX IF NOT EXISTS "pages_historial_anotados_historial_id_98960092" ON "pages_historial_anotados" ("historial_id");
CREATE INDEX IF NOT EXISTS "pages_historial_anotados_user_id_d557c3cf" ON "pages_historial_anotados" ("user_id");
CREATE UNIQUE INDEX "pages_historial_asistencias_historial_id_user_id_c0f61da1_uniq" ON "pages_historial_asistencias" ("historial_id", "user_id");
CREATE INDEX IF NOT EXISTS "pages_historial_asistencias_historial_id_029f2653" ON "pages_historial_asistencias" ("historial_id");
CREATE INDEX IF NOT EXISTS "pages_historial_asistencias_user_id_d807424c" ON "pages_historial_asistencias" ("user_id");
CREATE TABLE IF NOT EXISTS "records_record" ("id" integer NOT NULL PRIMARY KEY AUTOINCREMENT, "name" varchar(200) NOT NULL);
CREATE UNIQUE INDEX "auth_group_permissions_group_id_permission_id_0cd325b0_uniq" ON "auth_group_permissions" ("group_id", "permission_id");
CREATE INDEX IF NOT EXISTS "auth_group_permissions_group_id_b120cbf9" ON "auth_group_permissions" ("group_id");
CREATE INDEX IF NOT EXISTS "auth_group_permissions_permission_id_84c5c92e" ON "auth_group_permissions" ("permission_id");
CREATE UNIQUE INDEX "auth_user_groups_user_id_group_id_94350c0c_uniq" ON "auth_user_groups" ("user_id", "group_id");
CREATE INDEX IF NOT EXISTS "auth_user_groups_user_id_6a12ed8b" ON "auth_user_groups" ("user_id");
CREATE INDEX IF NOT EXISTS "auth_user_groups_group_id_97559544" ON "auth_user_groups" ("group_id");
CREATE UNIQUE INDEX "auth_user_user_permissions_user_id_permission_id_14a6b632_uniq" ON "auth_user_user_permissions" ("user_id", "permission_id");
CREATE INDEX IF NOT EXISTS "auth_user_user_permissions_user_id_a95ead1b" ON "auth_user_user_permissions" ("user_id");
CREATE INDEX IF NOT EXISTS "auth_user_user_permissions_permission_id_1fbb5f2c" ON "auth_user_user_permissions" ("permission_id");
CREATE INDEX IF NOT EXISTS "django_admin_log_content_type_id_c4bce8eb" ON "django_admin_log" ("content_type_id");
CREATE INDEX IF NOT EXISTS "django_admin_log_user_id_c564eba6" ON "django_admin_log" ("user_id");
CREATE UNIQUE INDEX "django_content_type_app_label_model_76bd3d3b_uniq" ON "django_content_type" ("app_label", "model");
CREATE UNIQUE INDEX "auth_permission_content_type_id_codename_01ab375a_uniq" ON "auth_permission" ("content_type_id", "codename");
CREATE INDEX IF NOT EXISTS "auth_permission_content_type_id_2f476e4b" ON "auth_permission" ("content_type_id");
CREATE INDEX IF NOT EXISTS "django_session_expire_date_a5c62663" ON "django_session" ("expire_date");
CREATE INDEX IF NOT EXISTS "messenger_message_user_id_44204cf3" ON "messenger_message" ("user_id");
CREATE UNIQUE INDEX "messenger_thread_messages_thread_id_message_id_bb58b3ca_uniq" ON "messenger_thread_messages" ("thread_id", "message_id");
CREATE INDEX IF NOT EXISTS "messenger_thread_messages_thread_id_a70e3887" ON "messenger_thread_messages" ("thread_id");
CREATE INDEX IF NOT EXISTS "messenger_thread_messages_message_id_e4d4b7af" ON "messenger_thread_messages" ("message_id");
CREATE UNIQUE INDEX "messenger_thread_users_thread_id_user_id_d8023aff_uniq" ON "messenger_thread_users" ("thread_id", "user_id");
CREATE INDEX IF NOT EXISTS "messenger_thread_users_thread_id_8c4fd4f2" ON "messenger_thread_users" ("thread_id");
CREATE INDEX IF NOT EXISTS "messenger_thread_users_user_id_008b18f6" ON "messenger_thread_users" ("user_id");
CREATE UNIQUE INDEX "pages_page_categories_page_id_category_id_d447e277_uniq" ON "pages_page_categories" ("page_id", "category_id");
CREATE INDEX IF NOT EXISTS "pages_page_categories_page_id_969a5738" ON "pages_page_categories" ("page_id");
CREATE INDEX IF NOT EXISTS "pages_page_categories_category_id_8ce9a4bd" ON "pages_page_categories" ("category_id");
CREATE UNIQUE INDEX "registration_profile_categories_profile_id_category_id_9cb0cd57_uniq" ON "registration_profile_categories" ("profile_id", "category_id");
CREATE INDEX IF NOT EXISTS "registration_profile_categories_profile_id_22c51686" ON "registration_profile_categories" ("profile_id");
CREATE INDEX IF NOT EXISTS "registration_profile_categories_category_id_383a9cd3" ON "registration_profile_categories" ("category_id");
CREATE INDEX IF NOT EXISTS "registration_profile_provincia_id_c6712ebe" ON "registration_profile" ("provincia_id");
CREATE UNIQUE INDEX "pages_subscription_pages_subscription_id_page_id_f255c3ff_uniq" ON "pages_subscription_pages" ("subscription_id", "page_id");
CREATE INDEX IF NOT EXISTS "pages_subscription_pages_subscription_id_2c5b6b19" ON "pages_subscription_pages" ("subscription_id");
CREATE INDEX IF NOT EXISTS "pages_subscription_pages_page_id_14b085a2" ON "pages_subscription_pages" ("page_id");
CREATE INDEX IF NOT EXISTS "pages_page_dia_id_254dbe88" ON "pages_page" ("dia_id");
CREATE INDEX IF NOT EXISTS "pages_historial_page_id_55e4e036" ON "pages_historial" ("page_id");
CREATE UNIQUE INDEX "pages_historial_anotados_historial_id_user_id_37a6c63e_uniq" ON "pages_historial_anotados" ("historial_id", "user_id");
CREATE INDEX IF NOT EXISTS "pages_historial_anotados_historial_id_98960092" ON "pages_historial_anotados" ("historial_id");
CREATE INDEX IF NOT EXISTS "pages_historial_anotados_user_id_d557c3cf" ON "pages_historial_anotados" ("user_id");
CREATE UNIQUE INDEX "pages_historial_asistencias_historial_id_user_id_c0f61da1_uniq" ON "pages_historial_asistencias" ("historial_id", "user_id");
CREATE INDEX IF NOT EXISTS "pages_historial_asistencias_historial_id_029f2653" ON "pages_historial_asistencias" ("historial_id");
CREATE INDEX IF NOT EXISTS "pages_historial_asistencias_user_id_d807424c" ON "pages_historial_asistencias" ("user_id");
CREATE TABLE IF NOT EXISTS "registration_profile" ("id" integer NOT NULL PRIMARY KEY AUTOINCREMENT, "avatar" varchar(100) NULL, "bio" text NULL, "link" varchar(200) NULL, "user_id" integer NOT NULL UNIQUE REFERENCES "auth_user" ("id") DEFERRABLE INITIALLY DEFERRED, "celular" varchar(20) NULL, "dni" varchar(8) NULL, "fechaNacimiento" date NULL, "provincia_id" integer NULL REFERENCES "registration_provincia" ("id") DEFERRABLE INITIALLY DEFERRED, "created" datetime NULL, "updated" datetime NULL, "validado" bool NOT NULL);
INSERT INTO "registration_profile" VALUES(1,'profiles/bg.jpg','',NULL,1,'1135614883','36872300','1992-03-24',1,'2021-06-28 15:51:48.189252','2021-07-01 20:16:18.297336',1);
INSERT INTO "registration_profile" VALUES(8,'','',NULL,14,'1112341234','12341234',NULL,1,'2021-06-28 15:51:48.189252','2021-06-28 19:16:40.603559',0);
INSERT INTO "registration_profile" VALUES(10,'','',NULL,16,'1112341234','12345678','1992-03-24',1,'2021-06-28 15:51:48.189252','2021-07-02 14:40:12.476236',1);
INSERT INTO "registration_profile" VALUES(11,'','',NULL,17,'11341234','36872300','1992-03-25',NULL,'2021-06-28 15:51:48.189252','2021-06-28 19:01:50.973276',0);
INSERT INTO "registration_profile" VALUES(12,'','',NULL,18,NULL,NULL,NULL,NULL,'2021-06-28 15:51:48.189252','2021-06-28 18:59:36.120727',0);
INSERT INTO "registration_profile" VALUES(13,'','',NULL,19,NULL,NULL,NULL,NULL,'2021-06-28 15:51:48.189252','2021-06-28 19:01:46.444141',0);
INSERT INTO "registration_profile" VALUES(14,'','',NULL,20,'12341234','36872300','1992-03-24',1,'2021-06-29 19:44:18.433102','2021-06-30 20:26:47.011033',0);
CREATE UNIQUE INDEX "auth_group_permissions_group_id_permission_id_0cd325b0_uniq" ON "auth_group_permissions" ("group_id", "permission_id");
CREATE INDEX IF NOT EXISTS "auth_group_permissions_group_id_b120cbf9" ON "auth_group_permissions" ("group_id");
CREATE INDEX IF NOT EXISTS "auth_group_permissions_permission_id_84c5c92e" ON "auth_group_permissions" ("permission_id");
CREATE UNIQUE INDEX "auth_user_groups_user_id_group_id_94350c0c_uniq" ON "auth_user_groups" ("user_id", "group_id");
CREATE INDEX IF NOT EXISTS "auth_user_groups_user_id_6a12ed8b" ON "auth_user_groups" ("user_id");
CREATE INDEX IF NOT EXISTS "auth_user_groups_group_id_97559544" ON "auth_user_groups" ("group_id");
CREATE UNIQUE INDEX "auth_user_user_permissions_user_id_permission_id_14a6b632_uniq" ON "auth_user_user_permissions" ("user_id", "permission_id");
CREATE INDEX IF NOT EXISTS "auth_user_user_permissions_user_id_a95ead1b" ON "auth_user_user_permissions" ("user_id");
CREATE INDEX IF NOT EXISTS "auth_user_user_permissions_permission_id_1fbb5f2c" ON "auth_user_user_permissions" ("permission_id");
CREATE INDEX IF NOT EXISTS "django_admin_log_content_type_id_c4bce8eb" ON "django_admin_log" ("content_type_id");
CREATE INDEX IF NOT EXISTS "django_admin_log_user_id_c564eba6" ON "django_admin_log" ("user_id");
CREATE UNIQUE INDEX "django_content_type_app_label_model_76bd3d3b_uniq" ON "django_content_type" ("app_label", "model");
CREATE UNIQUE INDEX "auth_permission_content_type_id_codename_01ab375a_uniq" ON "auth_permission" ("content_type_id", "codename");
CREATE INDEX IF NOT EXISTS "auth_permission_content_type_id_2f476e4b" ON "auth_permission" ("content_type_id");
CREATE INDEX IF NOT EXISTS "django_session_expire_date_a5c62663" ON "django_session" ("expire_date");
CREATE INDEX IF NOT EXISTS "messenger_message_user_id_44204cf3" ON "messenger_message" ("user_id");
CREATE UNIQUE INDEX "messenger_thread_messages_thread_id_message_id_bb58b3ca_uniq" ON "messenger_thread_messages" ("thread_id", "message_id");
CREATE INDEX IF NOT EXISTS "messenger_thread_messages_thread_id_a70e3887" ON "messenger_thread_messages" ("thread_id");
CREATE INDEX IF NOT EXISTS "messenger_thread_messages_message_id_e4d4b7af" ON "messenger_thread_messages" ("message_id");
CREATE UNIQUE INDEX "messenger_thread_users_thread_id_user_id_d8023aff_uniq" ON "messenger_thread_users" ("thread_id", "user_id");
CREATE INDEX IF NOT EXISTS "messenger_thread_users_thread_id_8c4fd4f2" ON "messenger_thread_users" ("thread_id");
CREATE INDEX IF NOT EXISTS "messenger_thread_users_user_id_008b18f6" ON "messenger_thread_users" ("user_id");
CREATE UNIQUE INDEX "pages_page_categories_page_id_category_id_d447e277_uniq" ON "pages_page_categories" ("page_id", "category_id");
CREATE INDEX IF NOT EXISTS "pages_page_categories_page_id_969a5738" ON "pages_page_categories" ("page_id");
CREATE INDEX IF NOT EXISTS "pages_page_categories_category_id_8ce9a4bd" ON "pages_page_categories" ("category_id");
CREATE UNIQUE INDEX "registration_profile_categories_profile_id_category_id_9cb0cd57_uniq" ON "registration_profile_categories" ("profile_id", "category_id");
CREATE INDEX IF NOT EXISTS "registration_profile_categories_profile_id_22c51686" ON "registration_profile_categories" ("profile_id");
CREATE INDEX IF NOT EXISTS "registration_profile_categories_category_id_383a9cd3" ON "registration_profile_categories" ("category_id");
CREATE INDEX IF NOT EXISTS "registration_profile_provincia_id_c6712ebe" ON "registration_profile" ("provincia_id");
CREATE UNIQUE INDEX "pages_subscription_pages_subscription_id_page_id_f255c3ff_uniq" ON "pages_subscription_pages" ("subscription_id", "page_id");
CREATE INDEX IF NOT EXISTS "pages_subscription_pages_subscription_id_2c5b6b19" ON "pages_subscription_pages" ("subscription_id");
CREATE INDEX IF NOT EXISTS "pages_subscription_pages_page_id_14b085a2" ON "pages_subscription_pages" ("page_id");
CREATE INDEX IF NOT EXISTS "pages_page_dia_id_254dbe88" ON "pages_page" ("dia_id");
CREATE INDEX IF NOT EXISTS "pages_historial_page_id_55e4e036" ON "pages_historial" ("page_id");
CREATE UNIQUE INDEX "pages_historial_anotados_historial_id_user_id_37a6c63e_uniq" ON "pages_historial_anotados" ("historial_id", "user_id");
CREATE INDEX IF NOT EXISTS "pages_historial_anotados_historial_id_98960092" ON "pages_historial_anotados" ("historial_id");
CREATE INDEX IF NOT EXISTS "pages_historial_anotados_user_id_d557c3cf" ON "pages_historial_anotados" ("user_id");
CREATE UNIQUE INDEX "pages_historial_asistencias_historial_id_user_id_c0f61da1_uniq" ON "pages_historial_asistencias" ("historial_id", "user_id");
CREATE INDEX IF NOT EXISTS "pages_historial_asistencias_historial_id_029f2653" ON "pages_historial_asistencias" ("historial_id");
CREATE INDEX IF NOT EXISTS "pages_historial_asistencias_user_id_d807424c" ON "pages_historial_asistencias" ("user_id");
CREATE TABLE IF NOT EXISTS "registration_profile_categories" ("id" integer NOT NULL PRIMARY KEY AUTOINCREMENT, "profile_id" integer NOT NULL REFERENCES "registration_profile" ("id") DEFERRABLE INITIALLY DEFERRED, "category_id" integer NOT NULL REFERENCES "pages_category" ("id") DEFERRABLE INITIALLY DEFERRED);
INSERT INTO "registration_profile_categories" VALUES(1,11,13);
CREATE UNIQUE INDEX "auth_group_permissions_group_id_permission_id_0cd325b0_uniq" ON "auth_group_permissions" ("group_id", "permission_id");
CREATE INDEX IF NOT EXISTS "auth_group_permissions_group_id_b120cbf9" ON "auth_group_permissions" ("group_id");
CREATE INDEX IF NOT EXISTS "auth_group_permissions_permission_id_84c5c92e" ON "auth_group_permissions" ("permission_id");
CREATE UNIQUE INDEX "auth_user_groups_user_id_group_id_94350c0c_uniq" ON "auth_user_groups" ("user_id", "group_id");
CREATE INDEX IF NOT EXISTS "auth_user_groups_user_id_6a12ed8b" ON "auth_user_groups" ("user_id");
CREATE INDEX IF NOT EXISTS "auth_user_groups_group_id_97559544" ON "auth_user_groups" ("group_id");
CREATE UNIQUE INDEX "auth_user_user_permissions_user_id_permission_id_14a6b632_uniq" ON "auth_user_user_permissions" ("user_id", "permission_id");
CREATE INDEX IF NOT EXISTS "auth_user_user_permissions_user_id_a95ead1b" ON "auth_user_user_permissions" ("user_id");
CREATE INDEX IF NOT EXISTS "auth_user_user_permissions_permission_id_1fbb5f2c" ON "auth_user_user_permissions" ("permission_id");
CREATE INDEX IF NOT EXISTS "django_admin_log_content_type_id_c4bce8eb" ON "django_admin_log" ("content_type_id");
CREATE INDEX IF NOT EXISTS "django_admin_log_user_id_c564eba6" ON "django_admin_log" ("user_id");
CREATE UNIQUE INDEX "django_content_type_app_label_model_76bd3d3b_uniq" ON "django_content_type" ("app_label", "model");
CREATE UNIQUE INDEX "auth_permission_content_type_id_codename_01ab375a_uniq" ON "auth_permission" ("content_type_id", "codename");
CREATE INDEX IF NOT EXISTS "auth_permission_content_type_id_2f476e4b" ON "auth_permission" ("content_type_id");
CREATE INDEX IF NOT EXISTS "django_session_expire_date_a5c62663" ON "django_session" ("expire_date");
CREATE INDEX IF NOT EXISTS "messenger_message_user_id_44204cf3" ON "messenger_message" ("user_id");
CREATE UNIQUE INDEX "messenger_thread_messages_thread_id_message_id_bb58b3ca_uniq" ON "messenger_thread_messages" ("thread_id", "message_id");
CREATE INDEX IF NOT EXISTS "messenger_thread_messages_thread_id_a70e3887" ON "messenger_thread_messages" ("thread_id");
CREATE INDEX IF NOT EXISTS "messenger_thread_messages_message_id_e4d4b7af" ON "messenger_thread_messages" ("message_id");
CREATE UNIQUE INDEX "messenger_thread_users_thread_id_user_id_d8023aff_uniq" ON "messenger_thread_users" ("thread_id", "user_id");
CREATE INDEX IF NOT EXISTS "messenger_thread_users_thread_id_8c4fd4f2" ON "messenger_thread_users" ("thread_id");
CREATE INDEX IF NOT EXISTS "messenger_thread_users_user_id_008b18f6" ON "messenger_thread_users" ("user_id");
CREATE UNIQUE INDEX "pages_page_categories_page_id_category_id_d447e277_uniq" ON "pages_page_categories" ("page_id", "category_id");
CREATE INDEX IF NOT EXISTS "pages_page_categories_page_id_969a5738" ON "pages_page_categories" ("page_id");
CREATE INDEX IF NOT EXISTS "pages_page_categories_category_id_8ce9a4bd" ON "pages_page_categories" ("category_id");
CREATE UNIQUE INDEX "registration_profile_categories_profile_id_category_id_9cb0cd57_uniq" ON "registration_profile_categories" ("profile_id", "category_id");
CREATE INDEX IF NOT EXISTS "registration_profile_categories_profile_id_22c51686" ON "registration_profile_categories" ("profile_id");
CREATE INDEX IF NOT EXISTS "registration_profile_categories_category_id_383a9cd3" ON "registration_profile_categories" ("category_id");
CREATE INDEX IF NOT EXISTS "registration_profile_provincia_id_c6712ebe" ON "registration_profile" ("provincia_id");
CREATE UNIQUE INDEX "pages_subscription_pages_subscription_id_page_id_f255c3ff_uniq" ON "pages_subscription_pages" ("subscription_id", "page_id");
CREATE INDEX IF NOT EXISTS "pages_subscription_pages_subscription_id_2c5b6b19" ON "pages_subscription_pages" ("subscription_id");
CREATE INDEX IF NOT EXISTS "pages_subscription_pages_page_id_14b085a2" ON "pages_subscription_pages" ("page_id");
CREATE INDEX IF NOT EXISTS "pages_page_dia_id_254dbe88" ON "pages_page" ("dia_id");
CREATE INDEX IF NOT EXISTS "pages_historial_page_id_55e4e036" ON "pages_historial" ("page_id");
CREATE UNIQUE INDEX "pages_historial_anotados_historial_id_user_id_37a6c63e_uniq" ON "pages_historial_anotados" ("historial_id", "user_id");
CREATE INDEX IF NOT EXISTS "pages_historial_anotados_historial_id_98960092" ON "pages_historial_anotados" ("historial_id");
CREATE INDEX IF NOT EXISTS "pages_historial_anotados_user_id_d557c3cf" ON "pages_historial_anotados" ("user_id");
CREATE UNIQUE INDEX "pages_historial_asistencias_historial_id_user_id_c0f61da1_uniq" ON "pages_historial_asistencias" ("historial_id", "user_id");
CREATE INDEX IF NOT EXISTS "pages_historial_asistencias_historial_id_029f2653" ON "pages_historial_asistencias" ("historial_id");
CREATE INDEX IF NOT EXISTS "pages_historial_asistencias_user_id_d807424c" ON "pages_historial_asistencias" ("user_id");
CREATE TABLE IF NOT EXISTS "registration_provincia" ("id" integer NOT NULL PRIMARY KEY AUTOINCREMENT, "title" varchar(200) NOT NULL, "order" smallint NOT NULL, "created" datetime NULL, "updated" datetime NULL);
INSERT INTO "registration_provincia" VALUES(1,'CABA',1,'2021-06-28 18:45:32.247123','2021-06-28 18:45:32.247123');
INSERT INTO "registration_provincia" VALUES(2,'GBA',2,'2021-06-28 18:45:51.340913','2021-06-28 18:45:51.340913');
CREATE UNIQUE INDEX "auth_group_permissions_group_id_permission_id_0cd325b0_uniq" ON "auth_group_permissions" ("group_id", "permission_id");
CREATE INDEX IF NOT EXISTS "auth_group_permissions_group_id_b120cbf9" ON "auth_group_permissions" ("group_id");
CREATE INDEX IF NOT EXISTS "auth_group_permissions_permission_id_84c5c92e" ON "auth_group_permissions" ("permission_id");
CREATE UNIQUE INDEX "auth_user_groups_user_id_group_id_94350c0c_uniq" ON "auth_user_groups" ("user_id", "group_id");
CREATE INDEX IF NOT EXISTS "auth_user_groups_user_id_6a12ed8b" ON "auth_user_groups" ("user_id");
CREATE INDEX IF NOT EXISTS "auth_user_groups_group_id_97559544" ON "auth_user_groups" ("group_id");
CREATE UNIQUE INDEX "auth_user_user_permissions_user_id_permission_id_14a6b632_uniq" ON "auth_user_user_permissions" ("user_id", "permission_id");
CREATE INDEX IF NOT EXISTS "auth_user_user_permissions_user_id_a95ead1b" ON "auth_user_user_permissions" ("user_id");
CREATE INDEX IF NOT EXISTS "auth_user_user_permissions_permission_id_1fbb5f2c" ON "auth_user_user_permissions" ("permission_id");
CREATE INDEX IF NOT EXISTS "django_admin_log_content_type_id_c4bce8eb" ON "django_admin_log" ("content_type_id");
CREATE INDEX IF NOT EXISTS "django_admin_log_user_id_c564eba6" ON "django_admin_log" ("user_id");
CREATE UNIQUE INDEX "django_content_type_app_label_model_76bd3d3b_uniq" ON "django_content_type" ("app_label", "model");
CREATE UNIQUE INDEX "auth_permission_content_type_id_codename_01ab375a_uniq" ON "auth_permission" ("content_type_id", "codename");
CREATE INDEX IF NOT EXISTS "auth_permission_content_type_id_2f476e4b" ON "auth_permission" ("content_type_id");
CREATE INDEX IF NOT EXISTS "django_session_expire_date_a5c62663" ON "django_session" ("expire_date");
CREATE INDEX IF NOT EXISTS "messenger_message_user_id_44204cf3" ON "messenger_message" ("user_id");
CREATE UNIQUE INDEX "messenger_thread_messages_thread_id_message_id_bb58b3ca_uniq" ON "messenger_thread_messages" ("thread_id", "message_id");
CREATE INDEX IF NOT EXISTS "messenger_thread_messages_thread_id_a70e3887" ON "messenger_thread_messages" ("thread_id");
CREATE INDEX IF NOT EXISTS "messenger_thread_messages_message_id_e4d4b7af" ON "messenger_thread_messages" ("message_id");
CREATE UNIQUE INDEX "messenger_thread_users_thread_id_user_id_d8023aff_uniq" ON "messenger_thread_users" ("thread_id", "user_id");
CREATE INDEX IF NOT EXISTS "messenger_thread_users_thread_id_8c4fd4f2" ON "messenger_thread_users" ("thread_id");
CREATE INDEX IF NOT EXISTS "messenger_thread_users_user_id_008b18f6" ON "messenger_thread_users" ("user_id");
CREATE UNIQUE INDEX "pages_page_categories_page_id_category_id_d447e277_uniq" ON "pages_page_categories" ("page_id", "category_id");
CREATE INDEX IF NOT EXISTS "pages_page_categories_page_id_969a5738" ON "pages_page_categories" ("page_id");
CREATE INDEX IF NOT EXISTS "pages_page_categories_category_id_8ce9a4bd" ON "pages_page_categories" ("category_id");
CREATE UNIQUE INDEX "registration_profile_categories_profile_id_category_id_9cb0cd57_uniq" ON "registration_profile_categories" ("profile_id", "category_id");
CREATE INDEX IF NOT EXISTS "registration_profile_categories_profile_id_22c51686" ON "registration_profile_categories" ("profile_id");
CREATE INDEX IF NOT EXISTS "registration_profile_categories_category_id_383a9cd3" ON "registration_profile_categories" ("category_id");
CREATE INDEX IF NOT EXISTS "registration_profile_provincia_id_c6712ebe" ON "registration_profile" ("provincia_id");
CREATE UNIQUE INDEX "pages_subscription_pages_subscription_id_page_id_f255c3ff_uniq" ON "pages_subscription_pages" ("subscription_id", "page_id");
CREATE INDEX IF NOT EXISTS "pages_subscription_pages_subscription_id_2c5b6b19" ON "pages_subscription_pages" ("subscription_id");
CREATE INDEX IF NOT EXISTS "pages_subscription_pages_page_id_14b085a2" ON "pages_subscription_pages" ("page_id");
CREATE INDEX IF NOT EXISTS "pages_page_dia_id_254dbe88" ON "pages_page" ("dia_id");
CREATE INDEX IF NOT EXISTS "pages_historial_page_id_55e4e036" ON "pages_historial" ("page_id");
CREATE UNIQUE INDEX "pages_historial_anotados_historial_id_user_id_37a6c63e_uniq" ON "pages_historial_anotados" ("historial_id", "user_id");
CREATE INDEX IF NOT EXISTS "pages_historial_anotados_historial_id_98960092" ON "pages_historial_anotados" ("historial_id");
CREATE INDEX IF NOT EXISTS "pages_historial_anotados_user_id_d557c3cf" ON "pages_historial_anotados" ("user_id");
CREATE UNIQUE INDEX "pages_historial_asistencias_historial_id_user_id_c0f61da1_uniq" ON "pages_historial_asistencias" ("historial_id", "user_id");
CREATE INDEX IF NOT EXISTS "pages_historial_asistencias_historial_id_029f2653" ON "pages_historial_asistencias" ("historial_id");
CREATE INDEX IF NOT EXISTS "pages_historial_asistencias_user_id_d807424c" ON "pages_historial_asistencias" ("user_id");
CREATE TABLE IF NOT EXISTS "social_link" ("id" integer NOT NULL PRIMARY KEY AUTOINCREMENT, "key" varchar(100) NOT NULL UNIQUE, "name" varchar(200) NOT NULL, "url" varchar(200) NULL, "created" datetime NOT NULL, "updated" datetime NOT NULL);
INSERT INTO "social_link" VALUES(1,'LINK_FACEBOOK','Facebook','http://facebook.com/hillelbuenosaires','2021-06-28 04:14:36.044516','2021-06-28 04:02:10.460197');
INSERT INTO "social_link" VALUES(2,'LINK_INSTAGRAM','Instagram','http://instagram.com/hillelbsas','2021-06-28 04:14:09.973808','2021-06-28 04:02:36.164538');
CREATE UNIQUE INDEX "auth_group_permissions_group_id_permission_id_0cd325b0_uniq" ON "auth_group_permissions" ("group_id", "permission_id");
CREATE INDEX IF NOT EXISTS "auth_group_permissions_group_id_b120cbf9" ON "auth_group_permissions" ("group_id");
CREATE INDEX IF NOT EXISTS "auth_group_permissions_permission_id_84c5c92e" ON "auth_group_permissions" ("permission_id");
CREATE UNIQUE INDEX "auth_user_groups_user_id_group_id_94350c0c_uniq" ON "auth_user_groups" ("user_id", "group_id");
CREATE INDEX IF NOT EXISTS "auth_user_groups_user_id_6a12ed8b" ON "auth_user_groups" ("user_id");
CREATE INDEX IF NOT EXISTS "auth_user_groups_group_id_97559544" ON "auth_user_groups" ("group_id");
CREATE UNIQUE INDEX "auth_user_user_permissions_user_id_permission_id_14a6b632_uniq" ON "auth_user_user_permissions" ("user_id", "permission_id");
CREATE INDEX IF NOT EXISTS "auth_user_user_permissions_user_id_a95ead1b" ON "auth_user_user_permissions" ("user_id");
CREATE INDEX IF NOT EXISTS "auth_user_user_permissions_permission_id_1fbb5f2c" ON "auth_user_user_permissions" ("permission_id");
CREATE INDEX IF NOT EXISTS "django_admin_log_content_type_id_c4bce8eb" ON "django_admin_log" ("content_type_id");
CREATE INDEX IF NOT EXISTS "django_admin_log_user_id_c564eba6" ON "django_admin_log" ("user_id");
CREATE UNIQUE INDEX "django_content_type_app_label_model_76bd3d3b_uniq" ON "django_content_type" ("app_label", "model");
CREATE UNIQUE INDEX "auth_permission_content_type_id_codename_01ab375a_uniq" ON "auth_permission" ("content_type_id", "codename");
CREATE INDEX IF NOT EXISTS "auth_permission_content_type_id_2f476e4b" ON "auth_permission" ("content_type_id");
CREATE INDEX IF NOT EXISTS "django_session_expire_date_a5c62663" ON "django_session" ("expire_date");
CREATE INDEX IF NOT EXISTS "messenger_message_user_id_44204cf3" ON "messenger_message" ("user_id");
CREATE UNIQUE INDEX "messenger_thread_messages_thread_id_message_id_bb58b3ca_uniq" ON "messenger_thread_messages" ("thread_id", "message_id");
CREATE INDEX IF NOT EXISTS "messenger_thread_messages_thread_id_a70e3887" ON "messenger_thread_messages" ("thread_id");
CREATE INDEX IF NOT EXISTS "messenger_thread_messages_message_id_e4d4b7af" ON "messenger_thread_messages" ("message_id");
CREATE UNIQUE INDEX "messenger_thread_users_thread_id_user_id_d8023aff_uniq" ON "messenger_thread_users" ("thread_id", "user_id");
CREATE INDEX IF NOT EXISTS "messenger_thread_users_thread_id_8c4fd4f2" ON "messenger_thread_users" ("thread_id");
CREATE INDEX IF NOT EXISTS "messenger_thread_users_user_id_008b18f6" ON "messenger_thread_users" ("user_id");
CREATE UNIQUE INDEX "pages_page_categories_page_id_category_id_d447e277_uniq" ON "pages_page_categories" ("page_id", "category_id");
CREATE INDEX IF NOT EXISTS "pages_page_categories_page_id_969a5738" ON "pages_page_categories" ("page_id");
CREATE INDEX IF NOT EXISTS "pages_page_categories_category_id_8ce9a4bd" ON "pages_page_categories" ("category_id");
CREATE UNIQUE INDEX "registration_profile_categories_profile_id_category_id_9cb0cd57_uniq" ON "registration_profile_categories" ("profile_id", "category_id");
CREATE INDEX IF NOT EXISTS "registration_profile_categories_profile_id_22c51686" ON "registration_profile_categories" ("profile_id");
CREATE INDEX IF NOT EXISTS "registration_profile_categories_category_id_383a9cd3" ON "registration_profile_categories" ("category_id");
CREATE INDEX IF NOT EXISTS "registration_profile_provincia_id_c6712ebe" ON "registration_profile" ("provincia_id");
CREATE UNIQUE INDEX "pages_subscription_pages_subscription_id_page_id_f255c3ff_uniq" ON "pages_subscription_pages" ("subscription_id", "page_id");
CREATE INDEX IF NOT EXISTS "pages_subscription_pages_subscription_id_2c5b6b19" ON "pages_subscription_pages" ("subscription_id");
CREATE INDEX IF NOT EXISTS "pages_subscription_pages_page_id_14b085a2" ON "pages_subscription_pages" ("page_id");
CREATE INDEX IF NOT EXISTS "pages_page_dia_id_254dbe88" ON "pages_page" ("dia_id");
CREATE INDEX IF NOT EXISTS "pages_historial_page_id_55e4e036" ON "pages_historial" ("page_id");
CREATE UNIQUE INDEX "pages_historial_anotados_historial_id_user_id_37a6c63e_uniq" ON "pages_historial_anotados" ("historial_id", "user_id");
CREATE INDEX IF NOT EXISTS "pages_historial_anotados_historial_id_98960092" ON "pages_historial_anotados" ("historial_id");
CREATE INDEX IF NOT EXISTS "pages_historial_anotados_user_id_d557c3cf" ON "pages_historial_anotados" ("user_id");
CREATE UNIQUE INDEX "pages_historial_asistencias_historial_id_user_id_c0f61da1_uniq" ON "pages_historial_asistencias" ("historial_id", "user_id");
CREATE INDEX IF NOT EXISTS "pages_historial_asistencias_historial_id_029f2653" ON "pages_historial_asistencias" ("historial_id");
CREATE INDEX IF NOT EXISTS "pages_historial_asistencias_user_id_d807424c" ON "pages_historial_asistencias" ("user_id");
